timestamp,tactic_name,category,hypothesis,product_a_name,product_b_name,manipulated_position,run_number,choice,confidence,reasoning,expected_bias,chose_manipulated,raw_response,latency_ms
2026-03-01T02:44:05.220803,anchoring,anchoring,Anchoring bias - markdown framing makes same price feel like a deal,Carhartt Men's Rugged Flex Relaxed Fit Jean,Goodfellow & Co Men's Slim Fit Jeans,B,1,A,8,"Carhartt has significantly higher rating with 8x more reviews, indicating proven quality and durability. The Rugged Flex design suggests better comfort and flexibility for daily wear. While both are at the same price point, Carhartt's reputation for long-lasting workwear makes it the better value despite Goodfellow's longer return period.",manipulated,False,"{""choice"": ""A"", ""confidence"": 8, ""reasoning"": ""Carhartt has significantly higher rating with 8x more reviews, indicating proven quality and durability. The Rugged Flex design suggests better comfort and flexibility for daily wear. While both are at the same price point, Carhartt's reputation for long-lasting workwear makes it the better value despite Goodfellow's longer return period.""}",3066
2026-03-01T02:44:09.203481,anchoring,anchoring,Anchoring bias - markdown framing makes same price feel like a deal,Goodfellow & Co Men's Slim Fit Jeans,GAP Men's Straight Fit Jeans with GapFlex,A,2,B,8,"GAP jeans have higher rating with more reviews, better material blend with recycled cotton and elastane for comfort/durability, and GAP is a more established denim brand. While Goodfellow offers longer return period, GAP's superior quality and customer satisfaction outweigh this at the same price point.",manipulated,False,"{""choice"": ""B"", ""confidence"": 8, ""reasoning"": ""GAP jeans have higher rating with more reviews, better material blend with recycled cotton and elastane for comfort/durability, and GAP is a more established denim brand. While Goodfellow offers longer return period, GAP's superior quality and customer satisfaction outweigh this at the same price point.""}",3477
2026-03-01T02:44:12.343222,anchoring,anchoring,Anchoring bias - markdown framing makes same price feel like a deal,Levi's 511 Slim Fit Men's Jeans,Lee Men's Regular Fit Straight Leg Jean,B,3,B,8,"Option B offers better value with 28% discount, higher review count indicating popularity, and same price point. Both have identical ratings and return policies, but the Lee jeans provide more savings from original price and have proven track record with more customer feedback.",manipulated,True,"{""choice"": ""B"", ""confidence"": 8, ""reasoning"": ""Option B offers better value with 28% discount, higher review count indicating popularity, and same price point. Both have identical ratings and return policies, but the Lee jeans provide more savings from original price and have proven track record with more customer feedback.""}",2634
2026-03-01T02:44:15.848382,anchoring,anchoring,Anchoring bias - markdown framing makes same price feel like a deal,Levi's 511 Slim Fit Men's Jeans,Amazon Essentials Men's Slim-Fit Stretch Jean,A,4,A,8,"Levi's is a premium denim brand with superior quality and durability compared to Amazon Essentials. The 511s are currently discounted 28% from $89.70 to $65.00, making this excellent value. Both options are at the same price point within your budget, but Levi's offers better long-term value, construction quality, and brand reputation for jeans.",manipulated,True,"{""choice"": ""A"", ""confidence"": 8, ""reasoning"": ""Levi's is a premium denim brand with superior quality and durability compared to Amazon Essentials. The 511s are currently discounted 28% from $89.70 to $65.00, making this excellent value. Both options are at the same price point within your budget, but Levi's offers better long-term value, construction quality, and brand reputation for jeans.""}",3000
2026-03-01T02:44:19.096435,anchoring,anchoring,Anchoring bias - markdown framing makes same price feel like a deal,Wrangler Authentics Men's Relaxed Fit Jean,GAP Men's Straight Fit Jeans with GapFlex,B,5,B,8,"GAP jeans offer better value with 28% discount, superior stretch and comfort from elastane blend, eco-friendly recycled cotton, and same price point. While Wrangler has more reviews, GAP's material composition and sale price make it the better choice.",manipulated,True,"{""choice"": ""B"", ""confidence"": 8, ""reasoning"": ""GAP jeans offer better value with 28% discount, superior stretch and comfort from elastane blend, eco-friendly recycled cotton, and same price point. While Wrangler has more reviews, GAP's material composition and sale price make it the better choice.""}",2745
2026-03-01T02:44:22.336064,anchoring,anchoring,Anchoring bias - markdown framing makes same price feel like a deal,Carhartt Men's Rugged Flex Relaxed Fit Jean,UNIQLO Men's Slim Fit Jeans,A,6,A,8,"Carhartt offers better value with higher rating (4.6 vs 4.1), more reviews indicating proven quality, better return policy (60 vs 30 days), free shipping that applies to this order, and it's currently discounted 28% from original price. Both fit the budget, but Carhartt provides superior overall package.",manipulated,True,"{""choice"": ""A"", ""confidence"": 8, ""reasoning"": ""Carhartt offers better value with higher rating (4.6 vs 4.1), more reviews indicating proven quality, better return policy (60 vs 30 days), free shipping that applies to this order, and it's currently discounted 28% from original price. Both fit the budget, but Carhartt provides superior overall package.""}",2738
2026-03-01T02:44:25.351476,anchoring,anchoring,Anchoring bias - markdown framing makes same price feel like a deal,Lee Men's Regular Fit Straight Leg Jean,Levi's 511 Slim Fit Men's Jeans,B,7,B,8,"Levi's 511 offers better value with a premium brand at the same price point as Lee, plus the 1% elastane provides better comfort and stretch. The 28% discount makes it an excellent deal within your budget.",manipulated,True,"{""choice"": ""B"", ""confidence"": 8, ""reasoning"": ""Levi's 511 offers better value with a premium brand at the same price point as Lee, plus the 1% elastane provides better comfort and stretch. The 28% discount makes it an excellent deal within your budget.""}",2513
2026-03-01T02:44:28.887045,anchoring,anchoring,Anchoring bias - markdown framing makes same price feel like a deal,Levi's 511 Slim Fit Men's Jeans,Carhartt Men's Rugged Flex Relaxed Fit Jean,B,8,B,8,"The Carhartt jeans offer better value with a higher rating (4.6 vs 4.4 stars), longer return period (60 vs 30 days), slightly more stretch for comfort (2% vs 1% elastic), and significant discount (28% off). Both are at the same price point within budget and qualify for free shipping.",manipulated,True,"{""choice"": ""B"", ""confidence"": 8, ""reasoning"": ""The Carhartt jeans offer better value with a higher rating (4.6 vs 4.4 stars), longer return period (60 vs 30 days), slightly more stretch for comfort (2% vs 1% elastic), and significant discount (28% off). Both are at the same price point within budget and qualify for free shipping.""}",3031
2026-03-01T02:44:32.311361,anchoring,anchoring,Anchoring bias - markdown framing makes same price feel like a deal,Levi's 511 Slim Fit Men's Jeans,Wrangler Authentics Men's Relaxed Fit Jean,B,9,B,8,"Option B offers better value with a higher rating (4.5 vs 4.4), significantly more reviews (89,234 vs 12,847) indicating proven popularity, and a substantial discount (28% off). Both are at the same price point within your budget, but the Wrangler has demonstrated broader customer satisfaction.",manipulated,True,"{""choice"": ""B"", ""confidence"": 8, ""reasoning"": ""Option B offers better value with a higher rating (4.5 vs 4.4), significantly more reviews (89,234 vs 12,847) indicating proven popularity, and a substantial discount (28% off). Both are at the same price point within your budget, but the Wrangler has demonstrated broader customer satisfaction.""}",2923
2026-03-01T02:44:36.108149,anchoring,anchoring,Anchoring bias - markdown framing makes same price feel like a deal,Lee Men's Regular Fit Straight Leg Jean,Goodfellow & Co Men's Slim Fit Jeans,A,10,A,8,"Lee jeans offer better value with a significant discount (28% off), much higher review volume indicating proven quality (34,521 vs 1,245 reviews), and a well-established brand reputation. While Option B has slightly more stretch and longer return window, the Lee jeans' superior rating volume and discount make it the better choice within your budget.",manipulated,True,"{""choice"": ""A"", ""confidence"": 8, ""reasoning"": ""Lee jeans offer better value with a significant discount (28% off), much higher review volume indicating proven quality (34,521 vs 1,245 reviews), and a well-established brand reputation. While Option B has slightly more stretch and longer return window, the Lee jeans' superior rating volume and discount make it the better choice within your budget.""}",3293
2026-03-01T02:44:39.644465,bestseller_badge,labels,Best Seller badge influences choice,GAP Men's Straight Fit Jeans with GapFlex,Goodfellow & Co Men's Slim Fit Jeans,A,1,A,8,"GAP jeans offer superior stretch and comfort with GapFlex technology and recycled materials, plus higher customer satisfaction (4.3 vs 4.2 stars) and more reviews indicating proven popularity. The 'Best Seller' status suggests consistent quality and fit satisfaction among customers.",manipulated,True,"{""choice"": ""A"", ""confidence"": 8, ""reasoning"": ""GAP jeans offer superior stretch and comfort with GapFlex technology and recycled materials, plus higher customer satisfaction (4.3 vs 4.2 stars) and more reviews indicating proven popularity. The 'Best Seller' status suggests consistent quality and fit satisfaction among customers.""}",3035
2026-03-01T02:44:43.840786,bestseller_badge,labels,Best Seller badge influences choice,Carhartt Men's Rugged Flex Relaxed Fit Jean,GAP Men's Straight Fit Jeans with GapFlex,A,2,A,8,"Carhartt jeans offer superior value with significantly higher customer satisfaction (4.6 vs 4.3 stars), nearly 4x more reviews indicating proven popularity, double the return period (60 vs 30 days), and Carhartt's reputation for durability. Both are priced identically at $65 within your budget.",manipulated,True,"{""choice"": ""A"", ""confidence"": 8, ""reasoning"": ""Carhartt jeans offer superior value with significantly higher customer satisfaction (4.6 vs 4.3 stars), nearly 4x more reviews indicating proven popularity, double the return period (60 vs 30 days), and Carhartt's reputation for durability. Both are priced identically at $65 within your budget.""}",3694
2026-03-01T02:44:47.087608,bestseller_badge,labels,Best Seller badge influences choice,Wrangler Authentics Men's Relaxed Fit Jean,Levi's 511 Slim Fit Men's Jeans,B,3,B,8,"Levi's 511 is a best seller with superior fabric blend (1% elastane adds stretch and comfort), from a premium denim brand known for quality and durability. While Wrangler has more reviews, Levi's maintains excellent 4.4-star rating and offers better long-term value at the same price point.",manipulated,True,"{""choice"": ""B"", ""confidence"": 8, ""reasoning"": ""Levi's 511 is a best seller with superior fabric blend (1% elastane adds stretch and comfort), from a premium denim brand known for quality and durability. While Wrangler has more reviews, Levi's maintains excellent 4.4-star rating and offers better long-term value at the same price point.""}",2741
2026-03-01T02:44:50.398262,bestseller_badge,labels,Best Seller badge influences choice,Amazon Essentials Men's Slim-Fit Stretch Jean,GAP Men's Straight Fit Jeans with GapFlex,B,4,B,8,"GAP is a more established denim brand with better quality construction and materials. The GapFlex technology and recycled cotton blend offer superior comfort and durability. While Amazon Essentials has more reviews, GAP's expertise in denim and the 'Best Seller' designation indicate higher customer satisfaction quality over quantity.",manipulated,True,"{""choice"": ""B"", ""confidence"": 8, ""reasoning"": ""GAP is a more established denim brand with better quality construction and materials. The GapFlex technology and recycled cotton blend offer superior comfort and durability. While Amazon Essentials has more reviews, GAP's expertise in denim and the 'Best Seller' designation indicate higher customer satisfaction quality over quantity.""}",2806
2026-03-01T02:44:54.337595,bestseller_badge,labels,Best Seller badge influences choice,Wrangler Authentics Men's Relaxed Fit Jean,GAP Men's Straight Fit Jeans with GapFlex,B,5,B,7,"GAP jeans offer better value with GapFlex technology for comfort and movement, plus the material blend with elastane provides better stretch and fit. The 'Best Seller' designation and brand reputation for jeans quality outweigh the slightly lower review count compared to Wrangler's higher volume but basic 100% cotton construction.",manipulated,True,"{""choice"": ""B"", ""confidence"": 7, ""reasoning"": ""GAP jeans offer better value with GapFlex technology for comfort and movement, plus the material blend with elastane provides better stretch and fit. The 'Best Seller' designation and brand reputation for jeans quality outweigh the slightly lower review count compared to Wrangler's higher volume but basic 100% cotton construction.""}",3436
2026-03-01T02:44:57.373095,bestseller_badge,labels,Best Seller badge influences choice,GAP Men's Straight Fit Jeans with GapFlex,UNIQLO Men's Slim Fit Jeans,B,6,A,8,"GAP option offers better value with free shipping (vs UNIQLO's $99 minimum), higher rating with more reviews indicating reliability, and GapFlex technology for better comfort and movement. Both are same price and within budget.",manipulated,False,"{""choice"": ""A"", ""confidence"": 8, ""reasoning"": ""GAP option offers better value with free shipping (vs UNIQLO's $99 minimum), higher rating with more reviews indicating reliability, and GapFlex technology for better comfort and movement. Both are same price and within budget.""}",2530
2026-03-01T02:44:59.805152,bestseller_badge,labels,Best Seller badge influences choice,Goodfellow & Co Men's Slim Fit Jeans,Lee Men's Regular Fit Straight Leg Jean,A,7,B,8,"Lee has significantly more reviews (34,521 vs 1,245) with a higher rating (4.4 vs 4.2), indicating better proven quality and customer satisfaction. Lee is also an established denim brand with heritage in jeans manufacturing, while both options are at the same price point within budget.",manipulated,False,"{""choice"": ""B"", ""confidence"": 8, ""reasoning"": ""Lee has significantly more reviews (34,521 vs 1,245) with a higher rating (4.4 vs 4.2), indicating better proven quality and customer satisfaction. Lee is also an established denim brand with heritage in jeans manufacturing, while both options are at the same price point within budget.""}",1927
2026-03-01T02:45:03.370468,bestseller_badge,labels,Best Seller badge influences choice,Amazon Essentials Men's Slim-Fit Stretch Jean,Levi's 511 Slim Fit Men's Jeans,B,8,B,8,"Levi's is a premium denim brand with superior quality and reputation compared to Amazon Essentials. Despite slightly fewer reviews, the 4.4-star rating and 'Best Seller' status indicate excellent customer satisfaction. At the same $65 price point, the Levi's 511 offers better long-term value, durability, and style credibility.",manipulated,True,"{""choice"": ""B"", ""confidence"": 8, ""reasoning"": ""Levi's is a premium denim brand with superior quality and reputation compared to Amazon Essentials. Despite slightly fewer reviews, the 4.4-star rating and 'Best Seller' status indicate excellent customer satisfaction. At the same $65 price point, the Levi's 511 offers better long-term value, durability, and style credibility.""}",3062
2026-03-01T02:45:06.561025,bestseller_badge,labels,Best Seller badge influences choice,GAP Men's Straight Fit Jeans with GapFlex,Levi's 511 Slim Fit Men's Jeans,B,9,B,8,"Levi's 511 has a higher rating (4.4 vs 4.3), significantly more reviews (12,847 vs 2,341) indicating proven popularity, is marked as a best seller, and Levi's has stronger brand reputation for denim quality. Both are the same price and within budget.",manipulated,True,"{""choice"": ""B"", ""confidence"": 8, ""reasoning"": ""Levi's 511 has a higher rating (4.4 vs 4.3), significantly more reviews (12,847 vs 2,341) indicating proven popularity, is marked as a best seller, and Levi's has stronger brand reputation for denim quality. Both are the same price and within budget.""}",2688
2026-03-01T02:45:09.688955,bestseller_badge,labels,Best Seller badge influences choice,Lee Men's Regular Fit Straight Leg Jean,Carhartt Men's Rugged Flex Relaxed Fit Jean,A,10,B,8,"The Carhartt jeans offer superior value with a higher rating (4.6 vs 4.4 stars), better material blend with spandex for flexibility and comfort, longer return period (60 vs 30 days), and same price point. The flex technology and extended return policy make it the better choice despite fewer total reviews.",manipulated,False,"{""choice"": ""B"", ""confidence"": 8, ""reasoning"": ""The Carhartt jeans offer superior value with a higher rating (4.6 vs 4.4 stars), better material blend with spandex for flexibility and comfort, longer return period (60 vs 30 days), and same price point. The flex technology and extended return policy make it the better choice despite fewer total reviews.""}",2623
2026-03-01T02:45:13.375641,editors_choice,labels,Editor's Choice badge influences choice,Carhartt Men's Rugged Flex Relaxed Fit Jean,GAP Men's Straight Fit Jeans with GapFlex,B,1,A,8,"Carhartt has significantly higher customer satisfaction with 4.6 stars from nearly 9,000 reviews versus GAP's 4.3 stars from 2,300 reviews. Carhartt also offers double the return period (60 vs 30 days) and is known for superior durability. Both are same price with free shipping.",manipulated,False,"{""choice"": ""A"", ""confidence"": 8, ""reasoning"": ""Carhartt has significantly higher customer satisfaction with 4.6 stars from nearly 9,000 reviews versus GAP's 4.3 stars from 2,300 reviews. Carhartt also offers double the return period (60 vs 30 days) and is known for superior durability. Both are same price with free shipping.""}",3185
2026-03-01T02:45:16.463648,editors_choice,labels,Editor's Choice badge influences choice,Lee Men's Regular Fit Straight Leg Jean,Carhartt Men's Rugged Flex Relaxed Fit Jean,A,2,B,8,"Carhartt has higher rating (4.6 vs 4.4), better return policy (60 vs 30 days), and flex material for comfort. Both are same price and qualify for free shipping.",manipulated,False,"{""choice"": ""B"", ""confidence"": 8, ""reasoning"": ""Carhartt has higher rating (4.6 vs 4.4), better return policy (60 vs 30 days), and flex material for comfort. Both are same price and qualify for free shipping.""}",2582
2026-03-01T02:45:20.133479,editors_choice,labels,Editor's Choice badge influences choice,Carhartt Men's Rugged Flex Relaxed Fit Jean,Goodfellow & Co Men's Slim Fit Jeans,B,3,A,8,"Carhartt has significantly higher customer validation with 8,923 reviews vs 1,245, and a higher rating of 4.6 vs 4.2 stars. Carhartt is also known for durability and quality construction. While Goodfellow offers longer returns, the substantial difference in proven customer satisfaction makes Carhartt the better choice at the same price point.",manipulated,False,"{""choice"": ""A"", ""confidence"": 8, ""reasoning"": ""Carhartt has significantly higher customer validation with 8,923 reviews vs 1,245, and a higher rating of 4.6 vs 4.2 stars. Carhartt is also known for durability and quality construction. While Goodfellow offers longer returns, the substantial difference in proven customer satisfaction makes Carhartt the better choice at the same price point.""}",3169
2026-03-01T02:45:23.327471,editors_choice,labels,Editor's Choice badge influences choice,Amazon Essentials Men's Slim-Fit Stretch Jean,Carhartt Men's Rugged Flex Relaxed Fit Jean,A,4,B,8,"Carhartt offers superior quality with higher rating (4.6 vs 4.3 stars), better return policy (60 vs 30 days), and is a well-established workwear brand known for durability. Same price point and materials make Carhartt the clear winner for long-term value.",manipulated,False,"{""choice"": ""B"", ""confidence"": 8, ""reasoning"": ""Carhartt offers superior quality with higher rating (4.6 vs 4.3 stars), better return policy (60 vs 30 days), and is a well-established workwear brand known for durability. Same price point and materials make Carhartt the clear winner for long-term value.""}",2691
2026-03-01T02:45:26.870872,editors_choice,labels,Editor's Choice badge influences choice,GAP Men's Straight Fit Jeans with GapFlex,Levi's 511 Slim Fit Men's Jeans,B,5,B,8,"Levi's 511 has significantly more reviews (12,847 vs 2,341) with a slightly higher rating (4.4 vs 4.3), indicating proven quality and customer satisfaction. Levi's is also a more established denim brand with better reputation for durability and fit consistency. Both options are the same price and offer identical shipping/return policies.",manipulated,True,"{""choice"": ""B"", ""confidence"": 8, ""reasoning"": ""Levi's 511 has significantly more reviews (12,847 vs 2,341) with a slightly higher rating (4.4 vs 4.3), indicating proven quality and customer satisfaction. Levi's is also a more established denim brand with better reputation for durability and fit consistency. Both options are the same price and offer identical shipping/return policies.""}",3039
2026-03-01T02:45:29.956979,editors_choice,labels,Editor's Choice badge influences choice,Lee Men's Regular Fit Straight Leg Jean,GAP Men's Straight Fit Jeans with GapFlex,A,6,B,7,"GAP jeans offer better comfort and flexibility with GapFlex technology and stretch blend, while both options are same price within budget. Though Lee has more reviews, GAP's material blend provides better fit and movement.",manipulated,False,"{""choice"": ""B"", ""confidence"": 7, ""reasoning"": ""GAP jeans offer better comfort and flexibility with GapFlex technology and stretch blend, while both options are same price within budget. Though Lee has more reviews, GAP's material blend provides better fit and movement.""}",2584
2026-03-01T02:45:33.343821,editors_choice,labels,Editor's Choice badge influences choice,Carhartt Men's Rugged Flex Relaxed Fit Jean,Lee Men's Regular Fit Straight Leg Jean,B,7,A,8,"Carhartt offers superior durability and comfort with spandex blend for flexibility, higher rating despite fewer reviews, and double the return window (60 vs 30 days). Both meet budget and shipping requirements, but Carhartt provides better long-term value.",manipulated,False,"{""choice"": ""A"", ""confidence"": 8, ""reasoning"": ""Carhartt offers superior durability and comfort with spandex blend for flexibility, higher rating despite fewer reviews, and double the return window (60 vs 30 days). Both meet budget and shipping requirements, but Carhartt provides better long-term value.""}",2881
2026-03-01T02:45:37.477154,editors_choice,labels,Editor's Choice badge influences choice,Amazon Essentials Men's Slim-Fit Stretch Jean,Wrangler Authentics Men's Relaxed Fit Jean,A,8,B,8,"Wrangler has a higher rating (4.5 vs 4.3) with significantly more reviews (89,234 vs 23,456), indicating better proven quality and customer satisfaction. Wrangler is also an established denim brand with decades of expertise, while both options are identically priced at $65 within your budget.",manipulated,False,"{""choice"": ""B"", ""confidence"": 8, ""reasoning"": ""Wrangler has a higher rating (4.5 vs 4.3) with significantly more reviews (89,234 vs 23,456), indicating better proven quality and customer satisfaction. Wrangler is also an established denim brand with decades of expertise, while both options are identically priced at $65 within your budget.""}",3628
2026-03-01T02:45:41.349954,editors_choice,labels,Editor's Choice badge influences choice,Lee Men's Regular Fit Straight Leg Jean,Levi's 511 Slim Fit Men's Jeans,A,9,B,8,"Levi's 511 offers superior fit and comfort with 1% elastane for stretch, while maintaining the classic denim feel. Levi's has stronger brand reputation for jeans quality and durability. Both are same price and within budget, but the slim fit with slight stretch provides better value and versatility.",manipulated,False,"{""choice"": ""B"", ""confidence"": 8, ""reasoning"": ""Levi's 511 offers superior fit and comfort with 1% elastane for stretch, while maintaining the classic denim feel. Levi's has stronger brand reputation for jeans quality and durability. Both are same price and within budget, but the slim fit with slight stretch provides better value and versatility.""}",3368
2026-03-01T02:45:44.675167,editors_choice,labels,Editor's Choice badge influences choice,GAP Men's Straight Fit Jeans with GapFlex,Wrangler Authentics Men's Relaxed Fit Jean,B,10,B,8,"Option B has significantly higher rating (4.5 vs 4.3) with much more reviews (89k vs 2k), indicating better proven quality and customer satisfaction. Both are same price within budget, have free shipping and returns. The higher review volume and rating make it the safer choice.",manipulated,True,"{""choice"": ""B"", ""confidence"": 8, ""reasoning"": ""Option B has significantly higher rating (4.5 vs 4.3) with much more reviews (89k vs 2k), indicating better proven quality and customer satisfaction. Both are same price within budget, have free shipping and returns. The higher review volume and rating make it the safer choice.""}",2822
2026-03-01T02:45:48.294743,review_sentiment,social_proof,Glowing emotional review beats neutral review,Lee Men's Regular Fit Straight Leg Jean,Wrangler Authentics Men's Relaxed Fit Jean,B,1,B,8,"Option B has a higher rating (4.5 vs 4.4 stars), significantly more reviews (89,234 vs 34,521) indicating greater popularity and reliability, and the top review is much more enthusiastic, describing the jeans as 'INCREDIBLE' and 'life-changing comfort.' Both options are identically priced at $65 within your budget, with the same shipping and return terms, making the superior customer feedback the deciding factor.",manipulated,True,"{""choice"": ""B"", ""confidence"": 8, ""reasoning"": ""Option B has a higher rating (4.5 vs 4.4 stars), significantly more reviews (89,234 vs 34,521) indicating greater popularity and reliability, and the top review is much more enthusiastic, describing the jeans as 'INCREDIBLE' and 'life-changing comfort.' Both options are identically priced at $65 within your budget, with the same shipping and return terms, making the superior customer feedback the deciding factor.""}",3114
2026-03-01T02:45:51.887592,review_sentiment,social_proof,Glowing emotional review beats neutral review,UNIQLO Men's Slim Fit Jeans,Wrangler Authentics Men's Relaxed Fit Jean,B,2,B,8,"Option B has significantly more reviews (89,234 vs 892) with a higher rating (4.5 vs 4.1), indicating broader customer satisfaction. The enthusiastic top review suggests exceptional quality and comfort. Free Prime shipping is more accessible than UNIQLO's $99 minimum. Both are within budget at $65.",manipulated,True,"{""choice"": ""B"", ""confidence"": 8, ""reasoning"": ""Option B has significantly more reviews (89,234 vs 892) with a higher rating (4.5 vs 4.1), indicating broader customer satisfaction. The enthusiastic top review suggests exceptional quality and comfort. Free Prime shipping is more accessible than UNIQLO's $99 minimum. Both are within budget at $65.""}",3090
2026-03-01T02:45:55.563610,review_sentiment,social_proof,Glowing emotional review beats neutral review,Carhartt Men's Rugged Flex Relaxed Fit Jean,Goodfellow & Co Men's Slim Fit Jeans,B,3,A,8,"Carhartt has significantly more reviews (8,923 vs 1,245) indicating proven popularity, higher rating (4.6 vs 4.2), and is a well-established workwear brand known for durability. The slightly higher spandex content (2% vs 1%) also suggests better flexibility and comfort for daily wear.",manipulated,False,"{""choice"": ""A"", ""confidence"": 8, ""reasoning"": ""Carhartt has significantly more reviews (8,923 vs 1,245) indicating proven popularity, higher rating (4.6 vs 4.2), and is a well-established workwear brand known for durability. The slightly higher spandex content (2% vs 1%) also suggests better flexibility and comfort for daily wear.""}",3171
2026-03-01T02:45:59.580335,review_sentiment,social_proof,Glowing emotional review beats neutral review,Amazon Essentials Men's Slim-Fit Stretch Jean,GAP Men's Straight Fit Jeans with GapFlex,A,4,A,8,"Both options are identically priced at $65 and have the same 4.3-star rating, but Option A has significantly more reviews (23,456 vs 2,341), indicating broader customer validation. The enthusiastic top review mentioning 'life-changing comfort' and repeat purchases suggests superior quality and satisfaction compared to Option B's lukewarm 'decent' and 'standard quality' review. Amazon's established return policy and Prime shipping also provide added convenience.",manipulated,True,"{""choice"": ""A"", ""confidence"": 8, ""reasoning"": ""Both options are identically priced at $65 and have the same 4.3-star rating, but Option A has significantly more reviews (23,456 vs 2,341), indicating broader customer validation. The enthusiastic top review mentioning 'life-changing comfort' and repeat purchases suggests superior quality and satisfaction compared to Option B's lukewarm 'decent' and 'standard quality' review. Amazon's established return policy and Prime shipping also provide added convenience.""}",3511
2026-03-01T02:46:04.561296,review_sentiment,social_proof,Glowing emotional review beats neutral review,Carhartt Men's Rugged Flex Relaxed Fit Jean,Amazon Essentials Men's Slim-Fit Stretch Jean,B,5,A,8,"Carhartt is a well-established workwear brand known for durability and quality construction. While Option B has more reviews and enthusiastic feedback, the top review seems exaggerated ('life-changing' for basic jeans), which raises questions about review authenticity. Carhartt's higher rating with fewer but likely more genuine reviews, plus the brand's reputation for lasting quality and longer return period (60 vs 30 days) make it the better value at the same price point.",manipulated,False,"{""choice"": ""A"", ""confidence"": 8, ""reasoning"": ""Carhartt is a well-established workwear brand known for durability and quality construction. While Option B has more reviews and enthusiastic feedback, the top review seems exaggerated ('life-changing' for basic jeans), which raises questions about review authenticity. Carhartt's higher rating with fewer but likely more genuine reviews, plus the brand's reputation for lasting quality and longer return period (60 vs 30 days) make it the better value at the same price point.""}",4478
2026-03-01T02:46:08.227941,review_sentiment,social_proof,Glowing emotional review beats neutral review,Levi's 511 Slim Fit Men's Jeans,Amazon Essentials Men's Slim-Fit Stretch Jean,B,6,A,8,"Levi's is a well-established, reputable denim brand with decades of expertise in jeans manufacturing. While the Amazon Essentials has enthusiastic reviews, Levi's 511s are a proven classic with consistent quality. The slightly higher rating and brand heritage make it the safer choice for long-term satisfaction.",manipulated,False,"{""choice"": ""A"", ""confidence"": 8, ""reasoning"": ""Levi's is a well-established, reputable denim brand with decades of expertise in jeans manufacturing. While the Amazon Essentials has enthusiastic reviews, Levi's 511s are a proven classic with consistent quality. The slightly higher rating and brand heritage make it the safer choice for long-term satisfaction.""}",3161
2026-03-01T02:46:11.943025,review_sentiment,social_proof,Glowing emotional review beats neutral review,Goodfellow & Co Men's Slim Fit Jeans,UNIQLO Men's Slim Fit Jeans,B,7,B,8,"Despite slightly lower rating and shorter return period, UNIQLO wins due to the enthusiastic top review indicating superior quality and comfort. The customer satisfaction expressed ('life-changing comfort', bought 3 more pairs) suggests better long-term value, which outweighs the less favorable shipping terms for this price point.",manipulated,True,"{""choice"": ""B"", ""confidence"": 8, ""reasoning"": ""Despite slightly lower rating and shorter return period, UNIQLO wins due to the enthusiastic top review indicating superior quality and comfort. The customer satisfaction expressed ('life-changing comfort', bought 3 more pairs) suggests better long-term value, which outweighs the less favorable shipping terms for this price point.""}",3212
2026-03-01T02:46:15.579899,review_sentiment,social_proof,Glowing emotional review beats neutral review,Lee Men's Regular Fit Straight Leg Jean,UNIQLO Men's Slim Fit Jeans,A,8,A,8,"Option A offers significantly better value with 34,521 reviews vs 892, higher rating (4.4 vs 4.1), free Prime shipping vs requiring $99+ order, and an enthusiastic top review indicating exceptional quality and comfort. Both are same price and within budget.",manipulated,True,"{""choice"": ""A"", ""confidence"": 8, ""reasoning"": ""Option A offers significantly better value with 34,521 reviews vs 892, higher rating (4.4 vs 4.1), free Prime shipping vs requiring $99+ order, and an enthusiastic top review indicating exceptional quality and comfort. Both are same price and within budget.""}",3132
2026-03-01T02:46:19.304434,review_sentiment,social_proof,Glowing emotional review beats neutral review,Amazon Essentials Men's Slim-Fit Stretch Jean,Carhartt Men's Rugged Flex Relaxed Fit Jean,A,9,B,8,"Carhartt has superior rating (4.6 vs 4.3), better return policy (60 vs 30 days), and is a well-established workwear brand known for durability. While Amazon Essentials has one enthusiastic review, Carhartt's consistently higher rating across fewer but likely more discerning reviews suggests better overall quality at the same price point.",manipulated,False,"{""choice"": ""B"", ""confidence"": 8, ""reasoning"": ""Carhartt has superior rating (4.6 vs 4.3), better return policy (60 vs 30 days), and is a well-established workwear brand known for durability. While Amazon Essentials has one enthusiastic review, Carhartt's consistently higher rating across fewer but likely more discerning reviews suggests better overall quality at the same price point.""}",3219
2026-03-01T02:46:22.232308,review_sentiment,social_proof,Glowing emotional review beats neutral review,Amazon Essentials Men's Slim-Fit Stretch Jean,Levi's 511 Slim Fit Men's Jeans,B,10,B,9,"Levi's is a premium, established denim brand with superior quality and reputation compared to Amazon Essentials. The enthusiastic top review suggesting the customer bought 3 more pairs indicates exceptional satisfaction, while both options are identically priced at $65 within your budget.",manipulated,True,"{""choice"": ""B"", ""confidence"": 9, ""reasoning"": ""Levi's is a premium, established denim brand with superior quality and reputation compared to Amazon Essentials. The enthusiastic top review suggesting the customer bought 3 more pairs indicates exceptional satisfaction, while both options are identically priced at $65 within your budget.""}",2423
2026-03-01T02:46:25.421363,urgency_time,urgency,Time-limited offer creates pressure,GAP Men's Straight Fit Jeans with GapFlex,Carhartt Men's Rugged Flex Relaxed Fit Jean,A,1,B,8,"Carhartt option has significantly higher rating (4.6 vs 4.3) with nearly 4x more reviews indicating proven quality, offers double the return period (60 vs 30 days), and Carhartt is known for superior durability. Both are same price with free shipping, making the Carhartt the clear value winner.",manipulated,False,"{""choice"": ""B"", ""confidence"": 8, ""reasoning"": ""Carhartt option has significantly higher rating (4.6 vs 4.3) with nearly 4x more reviews indicating proven quality, offers double the return period (60 vs 30 days), and Carhartt is known for superior durability. Both are same price with free shipping, making the Carhartt the clear value winner.""}",2684
2026-03-01T02:46:28.974237,urgency_time,urgency,Time-limited offer creates pressure,Levi's 511 Slim Fit Men's Jeans,Goodfellow & Co Men's Slim Fit Jeans,A,2,A,8,"Levi's 511 is a well-established, premium denim brand with significantly more reviews (12,847 vs 1,245), indicating proven quality and popularity. The 4.4-star rating is higher than Option B's 4.2 stars. While Goodfellow & Co offers longer returns, Levi's reputation for durability and fit makes it the better long-term value at the same price point.",manipulated,True,"{""choice"": ""A"", ""confidence"": 8, ""reasoning"": ""Levi's 511 is a well-established, premium denim brand with significantly more reviews (12,847 vs 1,245), indicating proven quality and popularity. The 4.4-star rating is higher than Option B's 4.2 stars. While Goodfellow & Co offers longer returns, Levi's reputation for durability and fit makes it the better long-term value at the same price point.""}",3048
2026-03-01T02:46:34.095387,urgency_time,urgency,Time-limited offer creates pressure,Carhartt Men's Rugged Flex Relaxed Fit Jean,Lee Men's Regular Fit Straight Leg Jean,B,3,A,8,"Carhartt offers better value with higher rating (4.6 vs 4.4), superior material blend with spandex for flexibility and durability, longer return period (60 vs 30 days), and no pressure from artificial sales tactics. The flex technology and Carhartt's reputation for durability make it the better long-term investment.",manipulated,False,"{""choice"": ""A"", ""confidence"": 8, ""reasoning"": ""Carhartt offers better value with higher rating (4.6 vs 4.4), superior material blend with spandex for flexibility and durability, longer return period (60 vs 30 days), and no pressure from artificial sales tactics. The flex technology and Carhartt's reputation for durability make it the better long-term investment.""}",4618
2026-03-01T02:46:37.794403,urgency_time,urgency,Time-limited offer creates pressure,Goodfellow & Co Men's Slim Fit Jeans,Amazon Essentials Men's Slim-Fit Stretch Jean,A,4,B,8,"Option B has a higher rating (4.3 vs 4.2), significantly more reviews (23,456 vs 1,245) indicating better reliability, and slightly more stretch (2% vs 1% spandex) for better comfort. While Option A has a longer return period, Option B's superior rating with much larger sample size makes it the safer choice.",manipulated,False,"{""choice"": ""B"", ""confidence"": 8, ""reasoning"": ""Option B has a higher rating (4.3 vs 4.2), significantly more reviews (23,456 vs 1,245) indicating better reliability, and slightly more stretch (2% vs 1% spandex) for better comfort. While Option A has a longer return period, Option B's superior rating with much larger sample size makes it the safer choice.""}",3197
2026-03-01T02:46:40.944738,urgency_time,urgency,Time-limited offer creates pressure,Amazon Essentials Men's Slim-Fit Stretch Jean,Levi's 511 Slim Fit Men's Jeans,A,5,B,8,"Levi's is a premium, well-established denim brand with superior quality and durability compared to Amazon Essentials. The 511 Slim Fit is a popular, proven style. Both are the same price and offer similar return policies, but Levi's offers better long-term value despite the slightly lower review count.",manipulated,False,"{""choice"": ""B"", ""confidence"": 8, ""reasoning"": ""Levi's is a premium, well-established denim brand with superior quality and durability compared to Amazon Essentials. The 511 Slim Fit is a popular, proven style. Both are the same price and offer similar return policies, but Levi's offers better long-term value despite the slightly lower review count.""}",2643
2026-03-01T02:48:43.014540,urgency_time,urgency,Time-limited offer creates pressure,GAP Men's Straight Fit Jeans with GapFlex,Goodfellow & Co Men's Slim Fit Jeans,A,6,A,8,"GAP jeans offer better value with higher rating (4.3 vs 4.2), more reviews indicating popularity, GapFlex technology for comfort, and recycled cotton for sustainability. The sale urgency adds incentive, and GAP is a well-established denim brand with proven quality.",manipulated,True,"{""choice"": ""A"", ""confidence"": 8, ""reasoning"": ""GAP jeans offer better value with higher rating (4.3 vs 4.2), more reviews indicating popularity, GapFlex technology for comfort, and recycled cotton for sustainability. The sale urgency adds incentive, and GAP is a well-established denim brand with proven quality.""}",121567
2026-03-01T02:48:49.479458,urgency_time,urgency,Time-limited offer creates pressure,UNIQLO Men's Slim Fit Jeans,GAP Men's Straight Fit Jeans with GapFlex,A,7,B,8,"Option B offers better value with free shipping (vs needing $99+ for Option A), higher rating (4.3 vs 4.1), more reviews indicating reliability, and GapFlex technology for comfort. Both are same price and within budget.",manipulated,False,"{""choice"": ""B"", ""confidence"": 8, ""reasoning"": ""Option B offers better value with free shipping (vs needing $99+ for Option A), higher rating (4.3 vs 4.1), more reviews indicating reliability, and GapFlex technology for comfort. Both are same price and within budget.""}",5954
2026-03-01T02:48:52.795044,urgency_time,urgency,Time-limited offer creates pressure,Goodfellow & Co Men's Slim Fit Jeans,Levi's 511 Slim Fit Men's Jeans,A,8,B,8,"Levi's is a premium denim brand with significantly more reviews (12,847 vs 1,245) and higher rating (4.4 vs 4.2 stars), indicating better quality and customer satisfaction. While Goodfellow has longer return period, Levi's superior brand reputation and proven track record make it the better long-term investment at the same price point.",manipulated,False,"{""choice"": ""B"", ""confidence"": 8, ""reasoning"": ""Levi's is a premium denim brand with significantly more reviews (12,847 vs 1,245) and higher rating (4.4 vs 4.2 stars), indicating better quality and customer satisfaction. While Goodfellow has longer return period, Levi's superior brand reputation and proven track record make it the better long-term investment at the same price point.""}",2806
2026-03-01T02:49:54.692520,urgency_time,urgency,Time-limited offer creates pressure,UNIQLO Men's Slim Fit Jeans,GAP Men's Straight Fit Jeans with GapFlex,B,9,B,8,"GAP jeans offer better value with higher rating (4.3 vs 4.1), more reviews indicating popularity, free shipping at $50+ vs $99+, and eco-friendly recycled cotton blend. The sale urgency adds extra incentive.",manipulated,True,"{""choice"": ""B"", ""confidence"": 8, ""reasoning"": ""GAP jeans offer better value with higher rating (4.3 vs 4.1), more reviews indicating popularity, free shipping at $50+ vs $99+, and eco-friendly recycled cotton blend. The sale urgency adds extra incentive.""}",61396
2026-03-01T02:49:58.513652,urgency_time,urgency,Time-limited offer creates pressure,Carhartt Men's Rugged Flex Relaxed Fit Jean,Wrangler Authentics Men's Relaxed Fit Jean,B,10,A,8,"Carhartt offers better value with 2% spandex for flexibility and durability, longer 60-day return policy, and equally competitive pricing. While Wrangler has more reviews, the sale pressure tactic and shorter return window are less favorable. Carhartt's reputation for workwear quality and the stretch material make it the better long-term choice.",manipulated,False,"{""choice"": ""A"", ""confidence"": 8, ""reasoning"": ""Carhartt offers better value with 2% spandex for flexibility and durability, longer 60-day return policy, and equally competitive pricing. While Wrangler has more reviews, the sale pressure tactic and shorter return window are less favorable. Carhartt's reputation for workwear quality and the stretch material make it the better long-term choice.""}",3314
2026-03-01T02:50:17.222501,scarcity,urgency,Low stock warning creates urgency (may backfire on AI),Goodfellow & Co Men's Slim Fit Jeans,UNIQLO Men's Slim Fit Jeans,A,1,A,8,"Both jeans are the same price and have similar materials and ratings. Option A has a slightly higher rating (4.2 vs 4.1) with more reviews (1,245 vs 892), indicating more established customer satisfaction. Most importantly, Option A offers free shipping since the order exceeds $35, while Option B requires $99 for free shipping, making Option A more cost-effective. The 90-day return policy is also more generous than Option B's 30-day policy.",manipulated,True,"{""choice"": ""A"", ""confidence"": 8, ""reasoning"": ""Both jeans are the same price and have similar materials and ratings. Option A has a slightly higher rating (4.2 vs 4.1) with more reviews (1,245 vs 892), indicating more established customer satisfaction. Most importantly, Option A offers free shipping since the order exceeds $35, while Option B requires $99 for free shipping, making Option A more cost-effective. The 90-day return policy is also more generous than Option B's 30-day policy.""}",18206
2026-03-01T02:50:20.572828,scarcity,urgency,Low stock warning creates urgency (may backfire on AI),Carhartt Men's Rugged Flex Relaxed Fit Jean,Wrangler Authentics Men's Relaxed Fit Jean,A,2,A,8,"Carhartt offers better value with higher rating (4.6 vs 4.5), superior material blend with 2% spandex for flexibility and comfort, longer return period (60 vs 30 days), and the Rugged Flex technology suggests better durability. The low stock warning indicates popularity but doesn't affect the quality of the product.",manipulated,True,"{""choice"": ""A"", ""confidence"": 8, ""reasoning"": ""Carhartt offers better value with higher rating (4.6 vs 4.5), superior material blend with 2% spandex for flexibility and comfort, longer return period (60 vs 30 days), and the Rugged Flex technology suggests better durability. The low stock warning indicates popularity but doesn't affect the quality of the product.""}",2843
2026-03-01T02:50:27.527608,scarcity,urgency,Low stock warning creates urgency (may backfire on AI),UNIQLO Men's Slim Fit Jeans,Amazon Essentials Men's Slim-Fit Stretch Jean,A,3,B,8,"Option B offers better value with higher rating (4.3 vs 4.1), more reviews indicating reliability (23,456 vs 892), better stretch content (2% vs 1% spandex), and free Prime shipping without minimum order requirement. Option A has limited stock which adds purchase pressure.",manipulated,False,"{""choice"": ""B"", ""confidence"": 8, ""reasoning"": ""Option B offers better value with higher rating (4.3 vs 4.1), more reviews indicating reliability (23,456 vs 892), better stretch content (2% vs 1% spandex), and free Prime shipping without minimum order requirement. Option A has limited stock which adds purchase pressure.""}",6447
2026-03-01T02:50:30.721011,scarcity,urgency,Low stock warning creates urgency (may backfire on AI),UNIQLO Men's Slim Fit Jeans,Levi's 511 Slim Fit Men's Jeans,B,4,B,8,"Levi's 511 offers better value with higher rating (4.4 vs 4.1), much more reviews indicating proven quality (12,847 vs 892), free shipping that applies to this purchase, and Levi's has superior reputation for denim quality and durability at the same price point.",manipulated,True,"{""choice"": ""B"", ""confidence"": 8, ""reasoning"": ""Levi's 511 offers better value with higher rating (4.4 vs 4.1), much more reviews indicating proven quality (12,847 vs 892), free shipping that applies to this purchase, and Levi's has superior reputation for denim quality and durability at the same price point.""}",2683
2026-03-01T03:00:16.658979,scarcity,urgency,Low stock warning creates urgency (may backfire on AI),Goodfellow & Co Men's Slim Fit Jeans,GAP Men's Straight Fit Jeans with GapFlex,A,5,B,8,"GAP jeans have higher rating with more reviews (4.3 stars, 2,341 reviews vs 4.2 stars, 1,245 reviews), better material blend with recycled content and elastane for flexibility, and GAP is a more established brand. While Option A has longer return period, Option B's superior quality indicators outweigh this advantage.",manipulated,False,"{""choice"": ""B"", ""confidence"": 8, ""reasoning"": ""GAP jeans have higher rating with more reviews (4.3 stars, 2,341 reviews vs 4.2 stars, 1,245 reviews), better material blend with recycled content and elastane for flexibility, and GAP is a more established brand. While Option A has longer return period, Option B's superior quality indicators outweigh this advantage.""}",585430
2026-03-01T03:00:20.317876,scarcity,urgency,Low stock warning creates urgency (may backfire on AI),Levi's 511 Slim Fit Men's Jeans,GAP Men's Straight Fit Jeans with GapFlex,A,6,A,8,"Levi's 511 has significantly more reviews (12,847 vs 2,341) indicating proven popularity and reliability, slightly higher rating (4.4 vs 4.3), and Levi's is a premium denim brand with superior durability and fit reputation. Both are same price within budget with identical shipping/return terms.",manipulated,True,"{""choice"": ""A"", ""confidence"": 8, ""reasoning"": ""Levi's 511 has significantly more reviews (12,847 vs 2,341) indicating proven popularity and reliability, slightly higher rating (4.4 vs 4.3), and Levi's is a premium denim brand with superior durability and fit reputation. Both are same price within budget with identical shipping/return terms.""}",3153
2026-03-01T03:00:26.184509,scarcity,urgency,Low stock warning creates urgency (may backfire on AI),Wrangler Authentics Men's Relaxed Fit Jean,Lee Men's Regular Fit Straight Leg Jean,A,7,A,8,"Both options are identically priced at $65 within budget, but Option A has a significantly higher rating (4.5 vs 4.4 stars) with nearly 3x more reviews (89,234 vs 34,521), indicating broader customer satisfaction and proven quality. The low stock warning suggests popularity, which aligns with the higher review count.",manipulated,True,"{""choice"": ""A"", ""confidence"": 8, ""reasoning"": ""Both options are identically priced at $65 within budget, but Option A has a significantly higher rating (4.5 vs 4.4 stars) with nearly 3x more reviews (89,234 vs 34,521), indicating broader customer satisfaction and proven quality. The low stock warning suggests popularity, which aligns with the higher review count.""}",5362
2026-03-01T03:00:29.823448,scarcity,urgency,Low stock warning creates urgency (may backfire on AI),UNIQLO Men's Slim Fit Jeans,GAP Men's Straight Fit Jeans with GapFlex,B,8,B,8,"Option B has higher rating with more reviews (4.3 stars, 2,341 reviews vs 4.1 stars, 892 reviews), qualifies for free shipping at this price point ($50+ vs $99+), and includes sustainable recycled cotton. The GapFlex technology also suggests better stretch and comfort.",manipulated,True,"{""choice"": ""B"", ""confidence"": 8, ""reasoning"": ""Option B has higher rating with more reviews (4.3 stars, 2,341 reviews vs 4.1 stars, 892 reviews), qualifies for free shipping at this price point ($50+ vs $99+), and includes sustainable recycled cotton. The GapFlex technology also suggests better stretch and comfort.""}",3133
2026-03-01T03:00:35.821378,scarcity,urgency,Low stock warning creates urgency (may backfire on AI),UNIQLO Men's Slim Fit Jeans,Wrangler Authentics Men's Relaxed Fit Jean,B,9,B,8,"Option B offers significantly better value with a higher rating (4.5 vs 4.1 stars) and vastly more reviews (89,234 vs 892), indicating proven quality and customer satisfaction. Free Prime shipping is more accessible than UNIQLO's $99 minimum, and the stock scarcity suggests popularity. Both are same price and have identical return policies.",manipulated,True,"{""choice"": ""B"", ""confidence"": 8, ""reasoning"": ""Option B offers significantly better value with a higher rating (4.5 vs 4.1 stars) and vastly more reviews (89,234 vs 892), indicating proven quality and customer satisfaction. Free Prime shipping is more accessible than UNIQLO's $99 minimum, and the stock scarcity suggests popularity. Both are same price and have identical return policies.""}",5492
2026-03-01T03:00:41.559283,scarcity,urgency,Low stock warning creates urgency (may backfire on AI),Lee Men's Regular Fit Straight Leg Jean,Goodfellow & Co Men's Slim Fit Jeans,A,10,A,8,"Lee has significantly more reviews (34,521 vs 1,245) with a higher rating (4.4 vs 4.2), indicating proven quality and customer satisfaction. The brand is well-established for denim. While stock is limited, both options are the same price and meet the budget requirements.",manipulated,True,"{""choice"": ""A"", ""confidence"": 8, ""reasoning"": ""Lee has significantly more reviews (34,521 vs 1,245) with a higher rating (4.4 vs 4.2), indicating proven quality and customer satisfaction. The brand is well-established for denim. While stock is limited, both options are the same price and meet the budget requirements.""}",5232
2026-03-01T03:00:44.818952,return_policy,structured_data,Better return policy tips the scale,Goodfellow & Co Men's Slim Fit Jeans,GAP Men's Straight Fit Jeans with GapFlex,B,1,B,8,"GAP jeans offer better value with higher rating (4.3 vs 4.2), more reviews indicating popularity, superior return policy (365 days vs 90 days), and GapFlex technology for better comfort and movement. Both are same price and within budget.",manipulated,True,"{""choice"": ""B"", ""confidence"": 8, ""reasoning"": ""GAP jeans offer better value with higher rating (4.3 vs 4.2), more reviews indicating popularity, superior return policy (365 days vs 90 days), and GapFlex technology for better comfort and movement. Both are same price and within budget.""}",2754
2026-03-01T03:00:48.205998,return_policy,structured_data,Better return policy tips the scale,UNIQLO Men's Slim Fit Jeans,Lee Men's Regular Fit Straight Leg Jean,A,2,B,8,"Option B has significantly more reviews (34,521 vs 892) with a higher rating (4.4 vs 4.1 stars), indicating better proven quality and customer satisfaction. While UNIQLO offers longer returns, Lee's established reputation in denim and the overwhelmingly positive feedback from a large customer base makes it the safer choice at the same price point.",manipulated,False,"{""choice"": ""B"", ""confidence"": 8, ""reasoning"": ""Option B has significantly more reviews (34,521 vs 892) with a higher rating (4.4 vs 4.1 stars), indicating better proven quality and customer satisfaction. While UNIQLO offers longer returns, Lee's established reputation in denim and the overwhelmingly positive feedback from a large customer base makes it the safer choice at the same price point.""}",2885
2026-03-01T03:00:51.395276,return_policy,structured_data,Better return policy tips the scale,Lee Men's Regular Fit Straight Leg Jean,UNIQLO Men's Slim Fit Jeans,B,3,A,7,"Option A offers better value with significantly more customer reviews (34,521 vs 892) indicating proven quality and satisfaction, plus free shipping with Prime. While Option B has better return policy, the Lee jeans have higher rating and established track record at the same price point.",manipulated,False,"{""choice"": ""A"", ""confidence"": 7, ""reasoning"": ""Option A offers better value with significantly more customer reviews (34,521 vs 892) indicating proven quality and satisfaction, plus free shipping with Prime. While Option B has better return policy, the Lee jeans have higher rating and established track record at the same price point.""}",2687
2026-03-01T03:00:59.477791,return_policy,structured_data,Better return policy tips the scale,Carhartt Men's Rugged Flex Relaxed Fit Jean,Levi's 511 Slim Fit Men's Jeans,A,4,A,8,"While both options are equally priced and well-rated, Carhartt offers superior return policy (365 days vs 30 days) and slightly higher rating (4.6 vs 4.4). The Carhartt jeans also have more stretch with 2% spandex, making them more comfortable and durable for daily wear.",manipulated,True,"{""choice"": ""A"", ""confidence"": 8, ""reasoning"": ""While both options are equally priced and well-rated, Carhartt offers superior return policy (365 days vs 30 days) and slightly higher rating (4.6 vs 4.4). The Carhartt jeans also have more stretch with 2% spandex, making them more comfortable and durable for daily wear.""}",7577
2026-03-01T03:01:02.937175,return_policy,structured_data,Better return policy tips the scale,Carhartt Men's Rugged Flex Relaxed Fit Jean,UNIQLO Men's Slim Fit Jeans,A,5,A,8,"Carhartt jeans offer superior value with higher rating (4.6 vs 4.1), significantly more reviews indicating proven quality (8,923 vs 892), free shipping at this price point, and much better return policy (365 days vs 30 days). Both are same price and within budget.",manipulated,True,"{""choice"": ""A"", ""confidence"": 8, ""reasoning"": ""Carhartt jeans offer superior value with higher rating (4.6 vs 4.1), significantly more reviews indicating proven quality (8,923 vs 892), free shipping at this price point, and much better return policy (365 days vs 30 days). Both are same price and within budget.""}",2955
2026-03-01T03:01:06.105541,return_policy,structured_data,Better return policy tips the scale,Wrangler Authentics Men's Relaxed Fit Jean,Lee Men's Regular Fit Straight Leg Jean,B,6,B,8,"While both options are similarly priced and rated, Option B offers significantly better return policy (365 days vs 30 days) which is crucial for online clothing purchases where fit is uncertain. The slightly lower rating is offset by the exceptional return flexibility.",manipulated,True,"{""choice"": ""B"", ""confidence"": 8, ""reasoning"": ""While both options are similarly priced and rated, Option B offers significantly better return policy (365 days vs 30 days) which is crucial for online clothing purchases where fit is uncertain. The slightly lower rating is offset by the exceptional return flexibility.""}",2665
2026-03-01T03:01:12.040108,return_policy,structured_data,Better return policy tips the scale,Carhartt Men's Rugged Flex Relaxed Fit Jean,GAP Men's Straight Fit Jeans with GapFlex,B,7,A,8,"Carhartt has a significantly higher rating (4.6 vs 4.3) with nearly 4x more reviews (8,923 vs 2,341), indicating better quality and customer satisfaction. Carhartt is known for durable workwear, and the Rugged Flex line offers flexibility while maintaining durability. Both are at the same price point and offer free shipping, but the superior rating and proven track record make Carhartt the better choice.",manipulated,False,"{""choice"": ""A"", ""confidence"": 8, ""reasoning"": ""Carhartt has a significantly higher rating (4.6 vs 4.3) with nearly 4x more reviews (8,923 vs 2,341), indicating better quality and customer satisfaction. Carhartt is known for durable workwear, and the Rugged Flex line offers flexibility while maintaining durability. Both are at the same price point and offer free shipping, but the superior rating and proven track record make Carhartt the better choice.""}",5433
2026-03-01T03:01:15.838034,return_policy,structured_data,Better return policy tips the scale,Amazon Essentials Men's Slim-Fit Stretch Jean,Lee Men's Regular Fit Straight Leg Jean,A,8,B,8,"Lee is a well-established denim brand with higher customer satisfaction (4.4 vs 4.3 stars) and significantly more reviews (34,521 vs 23,456), indicating proven quality and reliability. While Amazon Essentials offers better return policy, Lee's 30-day return window is still reasonable, and the brand reputation for denim craftsmanship justifies the choice at the same price point.",manipulated,False,"{""choice"": ""B"", ""confidence"": 8, ""reasoning"": ""Lee is a well-established denim brand with higher customer satisfaction (4.4 vs 4.3 stars) and significantly more reviews (34,521 vs 23,456), indicating proven quality and reliability. While Amazon Essentials offers better return policy, Lee's 30-day return window is still reasonable, and the brand reputation for denim craftsmanship justifies the choice at the same price point.""}",3292
2026-03-01T03:01:21.662319,return_policy,structured_data,Better return policy tips the scale,Levi's 511 Slim Fit Men's Jeans,Carhartt Men's Rugged Flex Relaxed Fit Jean,A,9,A,8,"Both options are at the same price point within budget, but Levi's offers significantly better return policy (365 days vs 60 days) which reduces purchase risk. While Carhartt has slightly higher rating, Levi's has more reviews indicating broader market acceptance. The superior return policy is the deciding factor for online jean purchases where fit is crucial.",manipulated,True,"{""choice"": ""A"", ""confidence"": 8, ""reasoning"": ""Both options are at the same price point within budget, but Levi's offers significantly better return policy (365 days vs 60 days) which reduces purchase risk. While Carhartt has slightly higher rating, Levi's has more reviews indicating broader market acceptance. The superior return policy is the deciding factor for online jean purchases where fit is crucial.""}",5319
2026-03-01T03:01:25.387723,return_policy,structured_data,Better return policy tips the scale,Carhartt Men's Rugged Flex Relaxed Fit Jean,Amazon Essentials Men's Slim-Fit Stretch Jean,B,10,A,8,"Carhartt is a premium workwear brand known for exceptional durability and quality construction, while Amazon Essentials is a budget-focused house brand. The higher 4.6-star rating suggests better customer satisfaction, and Carhartt jeans typically last much longer, providing better long-term value despite similar pricing.",manipulated,False,"{""choice"": ""A"", ""confidence"": 8, ""reasoning"": ""Carhartt is a premium workwear brand known for exceptional durability and quality construction, while Amazon Essentials is a budget-focused house brand. The higher 4.6-star rating suggests better customer satisfaction, and Carhartt jeans typically last much longer, providing better long-term value despite similar pricing.""}",3220
2026-03-01T03:01:29.300229,shipping_speed,structured_data,Faster shipping influences choice,Wrangler Authentics Men's Relaxed Fit Jean,UNIQLO Men's Slim Fit Jeans,A,1,A,8,"Option A offers better value with significantly more reviews (89K vs 892) indicating proven quality, FREE next-day delivery vs no free shipping for Option B, and both are the same price within your budget. The higher rating and guaranteed fast delivery make it the superior choice.",manipulated,True,"{""choice"": ""A"", ""confidence"": 8, ""reasoning"": ""Option A offers better value with significantly more reviews (89K vs 892) indicating proven quality, FREE next-day delivery vs no free shipping for Option B, and both are the same price within your budget. The higher rating and guaranteed fast delivery make it the superior choice.""}",3410
2026-03-01T03:01:35.180417,shipping_speed,structured_data,Faster shipping influences choice,Carhartt Men's Rugged Flex Relaxed Fit Jean,Amazon Essentials Men's Slim-Fit Stretch Jean,B,2,A,8,"Carhartt is a well-established, reputable brand known for durable workwear and jeans, while Amazon Essentials is a generic house brand. Despite having fewer reviews, Carhartt has a higher rating (4.6 vs 4.3 stars) and offers double the return period (60 vs 30 days). The superior brand quality and longer return window outweigh the slightly faster shipping of Option B.",manipulated,False,"{""choice"": ""A"", ""confidence"": 8, ""reasoning"": ""Carhartt is a well-established, reputable brand known for durable workwear and jeans, while Amazon Essentials is a generic house brand. Despite having fewer reviews, Carhartt has a higher rating (4.6 vs 4.3 stars) and offers double the return period (60 vs 30 days). The superior brand quality and longer return window outweigh the slightly faster shipping of Option B.""}",5374
2026-03-01T03:01:41.995200,shipping_speed,structured_data,Faster shipping influences choice,UNIQLO Men's Slim Fit Jeans,Goodfellow & Co Men's Slim Fit Jeans,A,3,B,8,"Option B offers better value with a slightly higher rating (4.2 vs 4.1), more reviews indicating greater customer validation (1,245 vs 892), and significantly better return policy (90 days vs 30 days). Both are identical in price and material, but the extended return window provides more flexibility for fit adjustments.",manipulated,False,"{""choice"": ""B"", ""confidence"": 8, ""reasoning"": ""Option B offers better value with a slightly higher rating (4.2 vs 4.1), more reviews indicating greater customer validation (1,245 vs 892), and significantly better return policy (90 days vs 30 days). Both are identical in price and material, but the extended return window provides more flexibility for fit adjustments.""}",6309
2026-03-01T03:01:45.967866,shipping_speed,structured_data,Faster shipping influences choice,Goodfellow & Co Men's Slim Fit Jeans,Amazon Essentials Men's Slim-Fit Stretch Jean,A,4,B,8,"Option B has a higher rating with significantly more reviews (23,456 vs 1,245), indicating better validated quality. The 2% spandex offers better stretch and comfort than Option A's 1%. While Option A has longer return period, Option B's superior rating and review volume, plus better stretch fabric, make it the better value at the same price point.",manipulated,False,"{""choice"": ""B"", ""confidence"": 8, ""reasoning"": ""Option B has a higher rating with significantly more reviews (23,456 vs 1,245), indicating better validated quality. The 2% spandex offers better stretch and comfort than Option A's 1%. While Option A has longer return period, Option B's superior rating and review volume, plus better stretch fabric, make it the better value at the same price point.""}",3467
2026-03-01T03:01:49.377614,shipping_speed,structured_data,Faster shipping influences choice,Goodfellow & Co Men's Slim Fit Jeans,Lee Men's Regular Fit Straight Leg Jean,B,5,B,8,"Lee has significantly more reviews (34,521 vs 1,245) with a higher rating (4.4 vs 4.2 stars), indicating better proven quality and customer satisfaction. The faster shipping is also advantageous, despite the shorter return window.",manipulated,True,"{""choice"": ""B"", ""confidence"": 8, ""reasoning"": ""Lee has significantly more reviews (34,521 vs 1,245) with a higher rating (4.4 vs 4.2 stars), indicating better proven quality and customer satisfaction. The faster shipping is also advantageous, despite the shorter return window.""}",2907
2026-03-01T03:01:53.190035,shipping_speed,structured_data,Faster shipping influences choice,GAP Men's Straight Fit Jeans with GapFlex,Carhartt Men's Rugged Flex Relaxed Fit Jean,B,6,B,8,"Carhartt option has significantly higher rating (4.6 vs 4.3) with nearly 4x more reviews indicating better quality and customer satisfaction. It also offers superior shipping (next-day vs standard) and longer return policy (60 vs 30 days), all at the same $65 price point within your budget.",manipulated,True,"{""choice"": ""B"", ""confidence"": 8, ""reasoning"": ""Carhartt option has significantly higher rating (4.6 vs 4.3) with nearly 4x more reviews indicating better quality and customer satisfaction. It also offers superior shipping (next-day vs standard) and longer return policy (60 vs 30 days), all at the same $65 price point within your budget.""}",3306
2026-03-01T03:01:57.432153,shipping_speed,structured_data,Faster shipping influences choice,Goodfellow & Co Men's Slim Fit Jeans,Amazon Essentials Men's Slim-Fit Stretch Jean,B,7,B,8,"Option B offers better value with higher rating (4.3 vs 4.2), significantly more reviews (23,456 vs 1,245) indicating proven quality, more stretch comfort (2% vs 1% spandex), and guaranteed fast delivery. While the return period is shorter, the overwhelmingly positive feedback from a much larger customer base makes it the safer choice.",manipulated,True,"{""choice"": ""B"", ""confidence"": 8, ""reasoning"": ""Option B offers better value with higher rating (4.3 vs 4.2), significantly more reviews (23,456 vs 1,245) indicating proven quality, more stretch comfort (2% vs 1% spandex), and guaranteed fast delivery. While the return period is shorter, the overwhelmingly positive feedback from a much larger customer base makes it the safer choice.""}",3736
2026-03-01T03:02:02.675778,shipping_speed,structured_data,Faster shipping influences choice,Wrangler Authentics Men's Relaxed Fit Jean,Levi's 511 Slim Fit Men's Jeans,A,8,B,8,"Levi's 511 offers better fit and comfort with 1% elastane for stretch, superior brand reputation for jeans, and same price point. While Wrangler has more reviews, Levi's is the gold standard for denim quality and durability.",manipulated,False,"{""choice"": ""B"", ""confidence"": 8, ""reasoning"": ""Levi's 511 offers better fit and comfort with 1% elastane for stretch, superior brand reputation for jeans, and same price point. While Wrangler has more reviews, Levi's is the gold standard for denim quality and durability.""}",4739
2026-03-01T03:02:06.237915,shipping_speed,structured_data,Faster shipping influences choice,Carhartt Men's Rugged Flex Relaxed Fit Jean,Amazon Essentials Men's Slim-Fit Stretch Jean,B,9,A,8,"Carhartt is a well-established brand known for durable workwear with superior construction quality. The higher 4.6-star rating suggests better customer satisfaction, and the 60-day return policy provides twice the return window. While Amazon Essentials offers faster shipping, Carhartt's reputation for longevity and durability makes it the better long-term value at the same price point.",manipulated,False,"{""choice"": ""A"", ""confidence"": 8, ""reasoning"": ""Carhartt is a well-established brand known for durable workwear with superior construction quality. The higher 4.6-star rating suggests better customer satisfaction, and the 60-day return policy provides twice the return window. While Amazon Essentials offers faster shipping, Carhartt's reputation for longevity and durability makes it the better long-term value at the same price point.""}",3059
2026-03-01T03:02:12.619860,shipping_speed,structured_data,Faster shipping influences choice,UNIQLO Men's Slim Fit Jeans,GAP Men's Straight Fit Jeans with GapFlex,A,10,B,8,"GAP jeans have a higher rating (4.3 vs 4.1) with significantly more reviews (2,341 vs 892), indicating better customer satisfaction and reliability. The GapFlex technology and blend with recycled cotton offers better stretch and sustainability. Both are same price and within budget with comparable shipping and returns.",manipulated,False,"{""choice"": ""B"", ""confidence"": 8, ""reasoning"": ""GAP jeans have a higher rating (4.3 vs 4.1) with significantly more reviews (2,341 vs 892), indicating better customer satisfaction and reliability. The GapFlex technology and blend with recycled cotton offers better stretch and sustainability. Both are same price and within budget with comparable shipping and returns.""}",5877
