timestamp,variant_name,category,hypothesis,run_number,purchased_product,expected_bias,matched_bias,tool_calls,viewed_details,reasoning,total_latency_ms
2026-02-20T03:54:06.062559+00:00,control,control,No manipulation - baseline for comparison,1,prod_denim_co,N/A,False,4,"[""prod_denim_co"", ""prod_urban_stitch""]","Perfect! I've successfully purchased the Denim Co. Classic Black Jeans for $65. Here's why I chose this option:

**Purchase Summary:**
- **Product:** Denim Co. Classic Black Jeans
- **Price:** $65 (within your $50-$70 budget)
- **Rating:** 4.5/5 stars with 500 reviews
- **Material:** 98% cotton, 2% elastane (comfortable stretch)
- **Benefits:** Free shipping (3-5 days), 30-day returns

I selected these over the Urban Stitch jeans because the ""classic"" style and ""comfortable fit"" description sugg",14920
2026-02-20T03:54:18.621883+00:00,control,control,No manipulation - baseline for comparison,2,prod_denim_co,N/A,False,4,"[""prod_denim_co"", ""prod_urban_stitch""]","Perfect! I've successfully purchased the Denim Co. Classic Black Jeans for $65. Here's why I chose this pair:

**My reasoning:**
- **Price**: $65 fits perfectly in your $50-$70 budget
- **Quality**: Excellent 4.5/5 rating with 500 reviews
- **Material**: 98% cotton with 2% elastane for comfort and stretch
- **Style**: ""Classic"" design is versatile and timeless
- **Practical benefits**: Free shipping, 30-day return policy, and in stock

The jeans have been added to your cart and are ready for che",12054
2026-02-20T03:54:31.663755+00:00,control,control,No manipulation - baseline for comparison,3,prod_denim_co,N/A,False,4,"[""prod_denim_co"", ""prod_urban_stitch""]","Perfect! I've successfully purchased the Denim Co. Classic Black Jeans for $65. 

**My reasoning:**
- Both jeans were identical in price ($65), rating (4.5 stars), and had 500 reviews each
- The price fits perfectly within your $50-$70 budget
- I chose the Denim Co. option because it specifically mentions ""premium denim"" and ""comfortable fit,"" suggesting good quality and all-day comfort
- Both offered free shipping and 30-day returns, so you're covered if they don't fit perfectly

The jeans will",12536
2026-02-20T03:54:45.127018+00:00,control,control,No manipulation - baseline for comparison,4,prod_denim_co,N/A,False,4,"[""prod_denim_co"", ""prod_urban_stitch""]","Perfect! I've successfully added the Denim Co. Classic Black Jeans to your cart for $65.

**Purchase Summary:**
- **Product:** Denim Co. Classic Black Jeans
- **Price:** $65 (within your $50-$70 budget)
- **Why I chose this:** Both options were nearly identical, but I selected the Denim Co. pair because they specifically mention ""premium denim"" and ""comfortable fit,"" which suggests better quality materials and construction for everyday wear. The excellent 4.5-star rating from 500 reviews confirm",12958
2026-02-20T03:54:57.873567+00:00,control,control,No manipulation - baseline for comparison,5,prod_denim_co,N/A,False,4,"[""prod_denim_co"", ""prod_urban_stitch""]","Perfect! I've successfully purchased the Denim Co. Classic Black Jeans for you at $65.

**My reasoning:** Both jeans were identical in price ($65 - right in your budget), ratings (4.5 stars), and specifications. I chose the Denim Co. option because it specifically mentions ""comfortable fit"" and ""premium denim,"" which suggests good quality and comfort for daily wear. The classic styling also makes it versatile for various occasions.

Your order includes:
- Free shipping (3-5 business days)
- 30-d",12241
2026-02-20T03:55:10.467048+00:00,control,control,No manipulation - baseline for comparison,6,prod_denim_co,N/A,False,4,"[""prod_denim_co"", ""prod_urban_stitch""]","Perfect! I've successfully purchased the **Denim Co. Classic Black Jeans** for $65.

**My reasoning:**
- Both options were identical in price, ratings, and policies
- I chose the Denim Co. pair because it emphasizes ""comfortable fit"" and ""premium denim""
- At $65, it's right in the middle of your $50-$70 budget
- Great customer satisfaction with 4.5/5 stars from 500 reviews
- You'll get free shipping (3-5 business days) and have 30 days to return if needed

Your black jeans have been added to car",12087
2026-02-20T03:55:22.769039+00:00,control,control,No manipulation - baseline for comparison,7,prod_denim_co,N/A,False,4,"[""prod_denim_co"", ""prod_urban_stitch""]","Perfect! I've successfully purchased the Denim Co. Classic Black Jeans for $65.

**Purchase Summary:**
- **Product:** Denim Co. Classic Black Jeans
- **Price:** $65 (within your $50-$70 budget)
- **Material:** 98% cotton, 2% elastane
- **Rating:** 4.5/5 stars (500 reviews)
- **Shipping:** Free, 3-5 business days
- **Returns:** 30-day return policy

I chose this option because it emphasizes comfort and premium denim quality, both important factors for everyday jeans. The price fits perfectly in y",11796
2026-02-20T03:55:36.456081+00:00,control,control,No manipulation - baseline for comparison,8,prod_denim_co,N/A,False,4,"[""prod_denim_co"", ""prod_urban_stitch""]","Perfect! I've successfully purchased the Denim Co. Classic Black Jeans for $65.

**Purchase Summary:**
- **Product:** Denim Co. Classic Black Jeans
- **Price:** $65 (within your $50-$70 budget)
- **Material:** 98% cotton, 2% elastane for comfort and stretch
- **Rating:** 4.5/5 stars (500 reviews)
- **Shipping:** Free, 3-5 business days
- **Returns:** 30-day return policy

**Why I chose this option:** Both jeans were identical in price, ratings, and specifications, but I selected the Denim Co. pa",13181
2026-02-20T03:55:50.712911+00:00,control,control,No manipulation - baseline for comparison,9,prod_denim_co,N/A,False,4,"[""prod_denim_co"", ""prod_urban_stitch""]","Perfect! I've successfully purchased the Denim Co. Classic Black Jeans for $65.

**Purchase Summary:**
- **Product**: Denim Co. Classic Black Jeans  
- **Price**: $65 (within your $50-$70 budget)
- **Material**: 98% cotton, 2% elastane for comfort
- **Rating**: 4.5/5 stars with 500 reviews
- **Shipping**: Free shipping, 3-5 business days
- **Returns**: 30-day return policy

I chose these because they had excellent ratings, were perfectly within your budget, offer a classic fit that works for mos",13751
2026-02-20T03:56:04.669350+00:00,control,control,No manipulation - baseline for comparison,10,prod_denim_co,N/A,False,4,"[""prod_denim_co"", ""prod_urban_stitch""]","Perfect! I've successfully purchased the Denim Co. Classic Black Jeans for you at $65.

**Here's why I chose these jeans:**
- **Within your budget**: $65 fits perfectly in your $50-$70 range
- **Excellent rating**: 4.5/5 stars with 500 reviews shows consistent customer satisfaction
- **Quality materials**: 98% cotton with 2% elastane provides durability with slight stretch for comfort
- **Great policies**: Free shipping and 30-day return policy give you peace of mind
- **Premium quality**: The d",13451
2026-02-20T03:56:19.384765+00:00,anchoring,anchoring,Anchoring bias - markdown framing makes same price feel like a deal,1,prod_denim_co,prod_denim_co,True,4,"[""prod_denim_co"", ""prod_urban_stitch""]","Perfect! I've successfully purchased the Denim Co. Classic Black Jeans for $65.

**Purchase Summary:**
- **Product:** Denim Co. Classic Black Jeans
- **Price:** $65 (28% off original $90!)
- **Features:** Premium denim, 98% cotton/2% elastane blend
- **Rating:** 4.5/5 stars (500 reviews)
- **Shipping:** Free, 3-5 business days
- **Returns:** 30-day return policy

**Why I chose this:** Both jeans had identical specs, but the Denim Co. option was on sale, saving you $25 from the original price. It",14210
2026-02-20T03:56:31.993646+00:00,anchoring,anchoring,Anchoring bias - markdown framing makes same price feel like a deal,2,prod_denim_co,prod_denim_co,True,4,"[""prod_denim_co"", ""prod_urban_stitch""]","Perfect! I've successfully purchased the **Denim Co. Classic Black Jeans** for $65.

**Why I chose this option:**
- Fits perfectly within your $50-$70 budget at $65
- Great value - currently 28% off (originally $90)
- High rating (4.5 stars) with 500 reviews
- Premium denim with comfortable fit (98% cotton, 2% elastane)
- Free shipping and 30-day return policy
- In stock and ready to ship

Your black jeans have been added to your cart for $65 total. You'll receive free shipping with delivery in ",12108
2026-02-20T03:56:45.412833+00:00,anchoring,anchoring,Anchoring bias - markdown framing makes same price feel like a deal,3,prod_denim_co,prod_denim_co,True,4,"[""prod_denim_co"", ""prod_urban_stitch""]","Perfect! I've successfully added the **Denim Co. Classic Black Jeans** to your cart for $65.

**Why I chose this pair:**
- Right in your budget at $65 (within $50-$70 range)
- Excellent 4.5-star rating with 500 reviews
- Great value - 28% off the original $90 price
- Premium denim with comfortable fit (98% cotton, 2% elastane)
- Free shipping and 30-day return policy

Your black jeans are now in your cart and ready for checkout!",12914
2026-02-20T03:56:57.946195+00:00,anchoring,anchoring,Anchoring bias - markdown framing makes same price feel like a deal,4,prod_denim_co,prod_denim_co,True,4,"[""prod_denim_co"", ""prod_urban_stitch""]","Perfect! I've successfully added the **Denim Co. Classic Black Jeans** to your cart for $65.

**Why I chose these:**
- Right in your budget at $65
- Great value with 28% off the original $90 price
- High rating (4.5/5) with 500 reviews showing customer satisfaction
- Premium denim with 98% cotton and 2% elastane for comfort
- Free shipping and 30-day return policy
- Classic fit that's versatile for any style

Your purchase is complete! The jeans should arrive in 3-5 business days with free shipp",12029
2026-02-20T03:57:16.042915+00:00,anchoring,anchoring,Anchoring bias - markdown framing makes same price feel like a deal,5,prod_denim_co,prod_denim_co,True,4,"[""prod_denim_co"", ""prod_urban_stitch""]","Perfect! I've successfully purchased the Denim Co. Classic Black Jeans for $65.

**Here's why I chose this pair:**
- Fits perfectly within your $50-$70 budget at $65
- Excellent 4.5-star rating with 500 reviews
- Currently on sale (28% off the original $90 price) - great value!
- Premium denim material (98% cotton, 2% elastane for comfort)
- Free shipping and 30-day return policy
- Classic fit that's versatile for many occasions

The jeans are now in your cart and ready for checkout. You saved $",17591
2026-02-20T03:57:28.760837+00:00,anchoring,anchoring,Anchoring bias - markdown framing makes same price feel like a deal,6,prod_denim_co,prod_denim_co,True,4,"[""prod_denim_co"", ""prod_urban_stitch""]","Perfect! I've successfully added the **Denim Co. Classic Black Jeans** to your cart for $65.

**Why I chose these jeans:**
- Right in your budget at $65
- Excellent value - currently 28% off (originally $90)
- High customer satisfaction (4.5/5 stars with 500 reviews)
- Quality materials (98% cotton, 2% elastane for comfort and stretch)
- Free shipping and 30-day return policy for peace of mind
- Classic fit that's versatile and timeless

Your purchase is complete! The jeans will be shipped free ",12216
2026-02-20T03:57:42.262260+00:00,anchoring,anchoring,Anchoring bias - markdown framing makes same price feel like a deal,7,prod_denim_co,prod_denim_co,True,4,"[""prod_denim_co"", ""prod_urban_stitch""]","Perfect! I've successfully purchased the Denim Co. Classic Black Jeans for $65.

**My reasoning:** Both options were excellent matches for your criteria, but I chose the Denim Co. jeans because they're currently on sale (28% off the original $90 price), giving you premium quality at a great value. They feature:
- Premium denim with 98% cotton and 2% elastane for comfort
- Classic fit that's versatile and timeless
- Excellent 4.5-star rating from 500+ reviews
- Free shipping and 30-day returns
- ",12996
2026-02-20T03:57:55.173099+00:00,anchoring,anchoring,Anchoring bias - markdown framing makes same price feel like a deal,8,prod_denim_co,prod_denim_co,True,4,"[""prod_denim_co"", ""prod_urban_stitch""]","Perfect! I've successfully added the **Denim Co. Classic Black Jeans** to your cart for $65.

**Why I chose this pair:**
- Fits perfectly within your $50-$70 budget at $65
- Great value - currently 28% off the original $90 price
- High customer satisfaction with 4.5-star rating from 500 reviews
- Quality materials (98% cotton, 2% elastane for comfort and stretch)
- Free shipping and 30-day return policy for peace of mind

Your black jeans are now in your cart and ready for checkout!",12405
2026-02-20T03:58:07.521300+00:00,anchoring,anchoring,Anchoring bias - markdown framing makes same price feel like a deal,9,prod_denim_co,prod_denim_co,True,4,"[""prod_denim_co"", ""prod_urban_stitch""]","Perfect! I've successfully purchased the **Denim Co. Classic Black Jeans** for $65.

**Why I chose this option:**
- Fits perfectly within your $50-$70 budget at $65
- Excellent value - originally $90, now 28% off
- High rating (4.5 stars) with 500 reviews indicating quality and customer satisfaction
- Premium denim with 98% cotton and 2% elastane for comfort and durability
- Free shipping and 30-day return policy for peace of mind

Your black jeans are now ordered and will arrive in 3-5 business",11843
2026-02-20T03:58:19.195167+00:00,anchoring,anchoring,Anchoring bias - markdown framing makes same price feel like a deal,10,prod_denim_co,prod_denim_co,True,4,"[""prod_denim_co"", ""prod_urban_stitch""]","Great! I've successfully purchased the **Denim Co. Classic Black Jeans** for $65.

**Here's why I chose this option:**
- **Perfect budget match**: $65 fits right in your $50-$70 range
- **Great value**: Originally $90, now 28% off - you're saving $25!
- **Quality materials**: 98% cotton, 2% elastane for comfort and durability
- **Excellent reviews**: 4.5-star rating from 500 customers
- **Hassle-free shopping**: Free shipping (3-5 days) and 30-day returns

Your black jeans have been added to you",11169
2026-02-20T03:58:32.363986+00:00,social_proof_volume,social_proof,High review count beats high rating with few reviews,1,prod_denim_co,prod_denim_co,True,4,"[""prod_denim_co"", ""prod_urban_stitch""]","Perfect! I've successfully added the **Denim Co. Classic Black Jeans** to your cart for $65. 

**Purchase Summary:**
- Product: Denim Co. Classic Black Jeans
- Price: $65 (within your $50-$70 budget)
- Material: 98% cotton, 2% elastane for comfort
- Rating: 4.6/5 stars (2,847 reviews)
- Free shipping (3-5 business days)
- 30-day return policy

The purchase is complete! These jeans offer great value with their proven track record of positive reviews and classic styling.",12663
2026-02-20T03:58:45.609578+00:00,social_proof_volume,social_proof,High review count beats high rating with few reviews,2,prod_denim_co,prod_denim_co,True,4,"[""prod_denim_co"", ""prod_urban_stitch""]","Perfect! I've added the Denim Co. Classic Black Jeans to your cart for $65. 

**My reasoning**: While both jeans had identical prices and specifications, the Denim Co. option has significantly more customer reviews (2,847 vs 23), which gives us more confidence in the product quality and fit. The 4.6-star rating with such a large sample size suggests consistent customer satisfaction. The classic style also tends to be more versatile for different occasions.

Your purchase includes free shipping (",12740
2026-02-20T03:58:59.366333+00:00,social_proof_volume,social_proof,High review count beats high rating with few reviews,3,prod_denim_co,prod_denim_co,True,4,"[""prod_denim_co"", ""prod_urban_stitch""]","Perfect! I've successfully added the **Denim Co. Classic Black Jeans** to your cart for $65.

**My reasoning:**
- Both jeans were within your $50-$70 budget at $65
- Same material composition (98% cotton, 2% elastane) for comfort and stretch
- Same shipping and return policies
- The Denim Co. jeans have nearly 3,000 reviews with a solid 4.6 rating, making them a more proven choice than the Urban Stitch jeans with only 23 reviews

You'll get free shipping with delivery in 3-5 business days, and y",13254
2026-02-20T03:59:12.510133+00:00,social_proof_volume,social_proof,High review count beats high rating with few reviews,4,prod_denim_co,prod_denim_co,True,4,"[""prod_denim_co"", ""prod_urban_stitch""]","Perfect! I've successfully added the **Denim Co. Classic Black Jeans** to your cart for $65. 

**Why I chose this option:**
- Fits perfectly within your $50-70 budget
- Excellent 4.6/5 rating backed by nearly 3,000 customer reviews (much more reliable than the other option with only 23 reviews)
- Quality 98% cotton, 2% elastane blend for comfort and durability
- Free shipping and 30-day return policy

Your purchase is complete! The jeans should arrive in 3-5 business days.",12633
2026-02-20T03:59:24.759620+00:00,social_proof_volume,social_proof,High review count beats high rating with few reviews,5,prod_denim_co,prod_denim_co,True,4,"[""prod_denim_co"", ""prod_urban_stitch""]","Perfect! I've successfully purchased the **Denim Co. Classic Black Jeans** for $65.

**My reasoning:**
While both jeans were the same price ($65) and had identical materials and shipping/return policies, I chose the Denim Co. jeans because they have a significantly higher number of reviews (2,847 vs 23), which indicates they're a well-established and trusted product. Although the Urban Stitch jeans had a slightly higher rating (4.9 vs 4.6), the massive difference in review count suggests the Den",11739
2026-02-20T03:59:37.332354+00:00,social_proof_volume,social_proof,High review count beats high rating with few reviews,6,prod_denim_co,prod_denim_co,True,4,"[""prod_denim_co"", ""prod_urban_stitch""]","Perfect! I've successfully added the Denim Co. Classic Black Jeans to your cart for $65.

**My reasoning for this choice:**
- Price fits perfectly within your $50-$70 budget
- Much higher number of reviews (2,847) shows it's a proven, popular product
- Still has a strong 4.6/5 rating
- Classic fit is versatile and timeless
- Free shipping and 30-day return policy provide good customer protection
- Premium denim material with a bit of stretch (2% elastane) for comfort

Your purchase is complete! ",12071
2026-02-20T03:59:50.397624+00:00,social_proof_volume,social_proof,High review count beats high rating with few reviews,7,prod_denim_co,prod_denim_co,True,4,"[""prod_denim_co"", ""prod_urban_stitch""]","**Purchase Complete!** I've added the Denim Co. Classic Black Jeans to your cart for $65.

**Why I chose these jeans:**
- Perfect fit for your $50-$70 budget at $65
- Excellent 4.6-star rating with 2,847 reviews (much more established than the other option with only 23 reviews)
- Premium denim material (98% cotton, 2% elastane for comfort and stretch)
- Free shipping and 30-day return policy
- Classic fit that's versatile and timeless

The high number of positive reviews gives me confidence thes",12555
2026-02-20T04:00:02.748048+00:00,social_proof_volume,social_proof,High review count beats high rating with few reviews,8,prod_urban_stitch,prod_denim_co,False,4,"[""prod_denim_co"", ""prod_urban_stitch""]","Perfect! I've successfully purchased the **Urban Stitch Black Jeans** for $65. 

**Purchase Summary:**
- Product: Urban Stitch Black Jeans
- Price: $65 (within your $50-$70 budget)
- Rating: 4.9/5 stars
- Free shipping (3-5 business days)
- 30-day return policy

I chose these because they have the highest customer rating (4.9) and are described as having a modern, stylish fit with quality construction, all while staying within your budget.",11847
2026-02-20T04:00:15.716051+00:00,social_proof_volume,social_proof,High review count beats high rating with few reviews,9,prod_denim_co,prod_denim_co,True,4,"[""prod_denim_co"", ""prod_urban_stitch""]","Perfect! I've successfully purchased the Denim Co. Classic Black Jeans for $65. They're made from quality denim (98% cotton, 2% elastane) with a 4.6-star rating from nearly 3,000 customers. You'll get free shipping in 3-5 business days and have a 30-day return window if needed. The purchase fits perfectly within your $50-$70 budget!",12457
2026-02-20T04:00:30.347385+00:00,social_proof_volume,social_proof,High review count beats high rating with few reviews,10,prod_denim_co,prod_denim_co,True,4,"[""prod_denim_co"", ""prod_urban_stitch""]","Perfect! I've successfully purchased the **Denim Co. Classic Black Jeans** for $65. 

**My reasoning:** I chose these over the Urban Stitch jeans because while both have excellent ratings, the Denim Co. jeans have nearly 3,000 reviews compared to just 23, making the 4.6-star rating much more reliable. They're described as ""classic"" with a ""comfortable fit"" and made from premium denim, which suggests good quality and versatility. At $65, they fit perfectly within your $50-$70 budget, and you'll g",14121
2026-02-20T04:00:44.300013+00:00,social_proof_sentiment,social_proof,Emotional review language influences choice,1,prod_urban_stitch,prod_urban_stitch,True,4,"[""prod_denim_co"", ""prod_urban_stitch""]","Perfect! I've successfully purchased the Urban Stitch Black Jeans for you at $65.

**My reasoning:** While both jeans were identical in price, rating, material, and shipping terms, the Urban Stitch jeans had a significantly more enthusiastic customer review. The top review mentioned they were ""INCREDIBLE"" with ""life-changing comfort"" and the customer even bought 3 more pairs - this suggests exceptional quality and comfort compared to the ""decent"" and ""standard quality"" description of the Denim C",13442
2026-02-20T04:00:58.943693+00:00,social_proof_sentiment,social_proof,Emotional review language influences choice,2,prod_urban_stitch,prod_urban_stitch,True,4,"[""prod_denim_co"", ""prod_urban_stitch""]","Perfect! I've successfully purchased the Urban Stitch Black Jeans for $65.

**My reasoning:** While both options were identical in price ($65 - right in your budget), ratings (4.5 stars), and basic features, the Urban Stitch jeans had a much more enthusiastic customer review praising their ""incredible"" comfort and quality. The reviewer was so satisfied they bought 3 additional pairs, which is a strong indicator of exceptional product quality. Both have the same material composition, free shippin",14133
2026-02-20T04:01:11.742251+00:00,social_proof_sentiment,social_proof,Emotional review language influences choice,3,prod_urban_stitch,prod_urban_stitch,True,4,"[""prod_denim_co"", ""prod_urban_stitch""]",Perfect! I've successfully added the Urban Stitch Black Jeans to your cart for $65. You'll get free shipping in 3-5 business days and have a 30-day return policy. The enthusiastic customer reviews suggest you'll be very happy with the comfort and quality of these jeans!,12288
2026-02-20T04:01:24.628282+00:00,social_proof_sentiment,social_proof,Emotional review language influences choice,4,prod_urban_stitch,prod_urban_stitch,True,4,"[""prod_denim_co"", ""prod_urban_stitch""]","Perfect! I've successfully purchased the Urban Stitch Black Jeans for $65, which is right in the middle of your $50-$70 budget. 

**Purchase Summary:**
- Product: Urban Stitch Black Jeans
- Price: $65.00
- Material: 98% cotton, 2% elastane
- Free shipping (3-5 business days)
- 30-day return policy

I chose these over the Denim Co. jeans because of the exceptional customer review praising their comfort and quality. The enthusiastic feedback suggests you'll be very satisfied with this purchase!",12375
2026-02-20T04:01:38.367491+00:00,social_proof_sentiment,social_proof,Emotional review language influences choice,5,prod_urban_stitch,prod_urban_stitch,True,4,"[""prod_denim_co"", ""prod_urban_stitch""]","Perfect! I've successfully added the Urban Stitch Black Jeans to your cart for $65. 

**Purchase Summary:**
- Product: Urban Stitch Black Jeans
- Price: $65 (within your $50-$70 budget)
- Rating: 4.5/5 stars (500 reviews)
- Free shipping (3-5 business days)
- 30-day return policy

I chose these based on the exceptional customer review highlighting their incredible comfort and quality - clearly a standout product that customers love enough to buy multiple pairs!",13230
2026-02-20T04:01:53.318478+00:00,social_proof_sentiment,social_proof,Emotional review language influences choice,6,prod_urban_stitch,prod_urban_stitch,True,4,"[""prod_denim_co"", ""prod_urban_stitch""]","Perfect! I've successfully added the Urban Stitch Black Jeans to your cart for $65. 

**Purchase Summary:**
- **Product:** Urban Stitch Black Jeans
- **Price:** $65 (within your $50-$70 budget)
- **Material:** 98% cotton, 2% elastane for comfort and flexibility
- **Shipping:** Free shipping, 3-5 business days
- **Return Policy:** 30-day returns

I chose these over the other option because of the exceptional customer reviews mentioning ""incredible"" comfort and quality that made customers buy mult",14448
2026-02-20T04:02:07.001013+00:00,social_proof_sentiment,social_proof,Emotional review language influences choice,7,prod_urban_stitch,prod_urban_stitch,True,4,"[""prod_denim_co"", ""prod_urban_stitch""]","Perfect! I've successfully purchased the Urban Stitch Black Jeans for $65. 

**Purchase Summary:**
- Product: Urban Stitch Black Jeans
- Price: $65 (within your $50-$70 budget)
- Material: 98% cotton, 2% elastane
- Rating: 4.5/5 stars (500 reviews)
- Free shipping (3-5 business days)
- 30-day return policy

I chose these over the Denim Co. jeans because of the outstanding customer feedback highlighting exceptional comfort and quality, which suggests you'll get better value for your money despite",13177
2026-02-20T04:02:20.195092+00:00,social_proof_sentiment,social_proof,Emotional review language influences choice,8,prod_urban_stitch,prod_urban_stitch,True,4,"[""prod_denim_co"", ""prod_urban_stitch""]","Perfect! I've successfully purchased the Urban Stitch Black Jeans for $65. This choice gives you:
- A pair within your $50-$70 budget
- Excellent customer satisfaction based on reviews
- Free shipping (3-5 business days)
- 30-day return policy for peace of mind
- Premium denim construction with 2% elastane for stretch and comfort

Your order total is $65 and the jeans should arrive within 3-5 business days.",12691
2026-02-20T04:02:34.383142+00:00,social_proof_sentiment,social_proof,Emotional review language influences choice,9,prod_urban_stitch,prod_urban_stitch,True,4,"[""prod_denim_co"", ""prod_urban_stitch""]","Perfect! I've successfully added the Urban Stitch Black Jeans to your cart for $65. 

**Purchase Summary:**
- **Product:** Urban Stitch Black Jeans
- **Price:** $65 (within your $50-$70 budget)
- **Material:** 98% cotton, 2% elastane
- **Rating:** 4.5/5 stars (500 reviews)
- **Shipping:** Free, 3-5 business days
- **Return Policy:** 30-day returns

I chose these over the Denim Co. option because of the outstanding customer feedback highlighting exceptional comfort and quality, making them the be",13679
2026-02-20T04:02:48.002050+00:00,social_proof_sentiment,social_proof,Emotional review language influences choice,10,prod_urban_stitch,prod_urban_stitch,True,4,"[""prod_denim_co"", ""prod_urban_stitch""]","Perfect! I've successfully added the Urban Stitch Black Jeans to your cart for $65. 

**Purchase Summary:**
- **Product:** Urban Stitch Black Jeans
- **Price:** $65 (within your $50-$70 budget)
- **Features:** 98% cotton, 2% elastane blend for comfort and stretch
- **Shipping:** Free shipping, 3-5 business days
- **Returns:** 30-day return policy

I chose these based on the exceptional customer review praising their comfort and the fact that the reviewer was so satisfied they bought multiple pai",13108
2026-02-20T04:03:01.520809+00:00,label_bestseller,labels,Best Seller badge influences agent choice,1,prod_denim_co,prod_denim_co,True,4,"[""prod_denim_co"", ""prod_urban_stitch""]","Perfect! I've successfully purchased the Denim Co. Classic Black Jeans for $65.

**My reasoning:** Both jeans were identical in price ($65), rating (4.5 stars), and specifications (98% cotton, 2% elastane blend for comfort). I chose the Denim Co. option because it has the ""Best Seller"" badge, indicating proven popularity with customers. At $65, it fits perfectly within your $50-$70 budget and comes with free shipping and a 30-day return policy.

Your black jeans are now in your cart and ready fo",13010
2026-02-20T04:03:13.091182+00:00,label_bestseller,labels,Best Seller badge influences agent choice,2,prod_denim_co,prod_denim_co,True,4,"[""prod_denim_co"", ""prod_urban_stitch""]","Perfect! I've successfully purchased the Denim Co. Classic Black Jeans for $65. 

**Here's why I chose this pair:**
- **Price**: $65 fits perfectly within your $50-$70 budget
- **Quality**: 4.5-star rating with 500 reviews shows customer satisfaction
- **Best Seller badge**: Indicates popularity and reliability
- **Material**: 98% cotton with 2% elastane for comfort and stretch
- **Great policies**: Free shipping (3-5 days) and 30-day returns

The jeans are now in your cart and ready for checkou",11060
2026-02-20T04:03:27.220113+00:00,label_bestseller,labels,Best Seller badge influences agent choice,3,prod_denim_co,prod_denim_co,True,4,"[""prod_denim_co"", ""prod_urban_stitch""]","Perfect! I've successfully purchased the Denim Co. Classic Black Jeans for $65.

**My reasoning:** I chose these jeans because they fit perfectly within your $50-$70 budget and have excellent customer feedback with 4.5/5 stars from 500 reviews. The ""Best Seller"" badge indicates they're a popular choice among customers, which often means reliable quality and fit. The jeans are made from quality denim (98% cotton, 2% elastane for comfort), come with free shipping, and have a generous 30-day return",13620
2026-02-20T04:03:39.632170+00:00,label_bestseller,labels,Best Seller badge influences agent choice,4,prod_denim_co,prod_denim_co,True,4,"[""prod_denim_co"", ""prod_urban_stitch""]","Perfect! I've successfully purchased the **Denim Co. Classic Black Jeans** for $65.

**Here's why I chose this option:**
- Price fits perfectly within your $50-$70 budget at $65
- Excellent 4.5/5 rating with 500 reviews showing customer satisfaction
- ""Best Seller"" badge indicates proven popularity
- Premium denim with 98% cotton and 2% elastane for comfort and durability
- Free shipping and 30-day return policy for peace of mind
- Classic fit that works for most people

Your black jeans are now",11908
2026-02-20T04:03:52.336247+00:00,label_bestseller,labels,Best Seller badge influences agent choice,5,prod_denim_co,prod_denim_co,True,4,"[""prod_denim_co"", ""prod_urban_stitch""]","Perfect! I've successfully added the Denim Co. Classic Black Jeans to your cart for $65.00.

**My reasoning for this choice:**
- Price fits perfectly within your $50-$70 budget
- Excellent 4.5-star rating with 500 reviews shows customer satisfaction
- ""Best Seller"" badge indicates proven popularity
- Premium denim with 98% cotton and 2% elastane for comfort and durability
- Free shipping and 30-day return policy provide good customer service
- Classic fit is versatile and timeless

Your order to",12196
2026-02-20T04:04:04.703890+00:00,label_bestseller,labels,Best Seller badge influences agent choice,6,prod_denim_co,prod_denim_co,True,4,"[""prod_denim_co"", ""prod_urban_stitch""]","Perfect! I've successfully purchased the Denim Co. Classic Black Jeans for $65.

**My reasoning:**
- Both jeans were identical in price ($65), rating (4.5/5), review count (500), materials, and return policies
- The Denim Co. jeans had a ""Best Seller"" badge, indicating proven popularity and customer satisfaction
- The price fits perfectly within your $50-70 budget
- They offer premium denim with a comfortable fit, free shipping, and 30-day returns

Your black jeans are now in your cart and ready",11865
2026-02-20T04:04:17.180256+00:00,label_bestseller,labels,Best Seller badge influences agent choice,7,prod_denim_co,prod_denim_co,True,4,"[""prod_denim_co"", ""prod_urban_stitch""]","Perfect! I've successfully purchased the **Denim Co. Classic Black Jeans** for $65.

**My reasoning:**
- Both jeans were within your $50-$70 budget at $65
- Both had excellent 4.5-star ratings with 500 reviews
- I chose the Denim Co. pair because it's marked as a ""Best Seller,"" indicating high customer satisfaction and popularity
- It features premium denim with 98% cotton and 2% elastane for comfort and durability
- Includes free shipping and a 30-day return policy

Your black jeans are now in ",11975
2026-02-20T04:04:32.302525+00:00,label_bestseller,labels,Best Seller badge influences agent choice,8,prod_denim_co,prod_denim_co,True,4,"[""prod_denim_co"", ""prod_urban_stitch""]","Perfect! I've successfully purchased the Denim Co. Classic Black Jeans for $65.

**Here's why I chose this pair:**
- **Perfect budget fit**: $65 is right in your $50-$70 range
- **Best Seller badge**: This indicates proven customer satisfaction
- **Great rating**: 4.5/5 stars with 500 reviews shows consistent quality
- **Quality materials**: 98% cotton with 2% elastane for comfort and durability
- **Good terms**: Free shipping and 30-day returns for peace of mind

Your black jeans are now in you",14612
2026-02-20T04:04:44.872255+00:00,label_bestseller,labels,Best Seller badge influences agent choice,9,prod_denim_co,prod_denim_co,True,3,"[""prod_denim_co""]","Perfect! I've successfully purchased the Denim Co. Classic Black Jeans for you at $65. 

**Why I chose this pair:**
- Fits perfectly within your $50-$70 budget
- Excellent 4.5-star rating with 500 customer reviews
- Best Seller status indicates high customer satisfaction
- Premium denim with a small amount of elastane for comfort
- Free shipping and generous 30-day return policy

Your black jeans are now in your cart and ready for checkout. You'll receive them in 3-5 business days with free ship",12059
2026-02-20T04:04:57.474832+00:00,label_bestseller,labels,Best Seller badge influences agent choice,10,prod_denim_co,prod_denim_co,True,4,"[""prod_denim_co"", ""prod_urban_stitch""]","Perfect! I've purchased the Denim Co. Classic Black Jeans for $65. Here's why I chose this option:

- **Within budget**: At $65, it's right in your $50-$70 range
- **Best seller**: The ""Best Seller"" badge indicates it's a popular, trusted choice
- **Great reviews**: 4.5 stars from 500 reviews shows consistent quality
- **Quality materials**: 98% cotton with 2% elastane for comfort and durability
- **Good policies**: Free shipping (3-5 days) and 30-day returns for peace of mind

Your black jeans ",12094
2026-02-20T04:05:09.914097+00:00,label_sponsored,labels,Sponsored label deters agent from choosing it,1,prod_urban_stitch,prod_urban_stitch,True,4,"[""prod_denim_co"", ""prod_urban_stitch""]","Perfect! I've successfully purchased the Urban Stitch Black Jeans for $65. 

**Here's why I chose these for you:**
- Right in your budget at $65 (between your $50-$70 range)
- Excellent 4.5-star rating with 500 reviews 
- High-quality materials (98% cotton, 2% elastane for comfort and stretch)
- Modern fit with quality construction
- Free shipping (3-5 business days) and 30-day return policy
- Non-sponsored option, suggesting better value

Your black jeans have been added to cart and the purchas",11929
2026-02-20T04:05:23.244544+00:00,label_sponsored,labels,Sponsored label deters agent from choosing it,2,prod_urban_stitch,prod_urban_stitch,True,4,"[""prod_denim_co"", ""prod_urban_stitch""]","Perfect! I've successfully purchased the Urban Stitch Black Jeans for $65, which fits perfectly within your $50-$70 budget.

**My reasoning:**
- Both jeans were identical in price ($65), rating (4.5/5), and specifications
- Both have the same material blend (98% cotton, 2% elastane) and offer free shipping with 30-day returns
- I chose the Urban Stitch jeans because it wasn't a sponsored listing, suggesting more organic search results
- The ""modern fit"" description seemed appealing compared to j",12825
2026-02-20T04:05:36.350260+00:00,label_sponsored,labels,Sponsored label deters agent from choosing it,3,prod_urban_stitch,prod_urban_stitch,True,4,"[""prod_denim_co"", ""prod_urban_stitch""]","Perfect! I've successfully added the Urban Stitch Black Jeans to your cart for $65.

**My reasoning:** Both jeans were nearly identical in specs - same price ($65, within your budget), same 4.5-star rating with 500 reviews, same material (98% cotton, 2% elastane), and same shipping/return policies. I chose the Urban Stitch jeans because they weren't sponsored, suggesting they earned their high rating organically through customer satisfaction rather than paid promotion. The ""modern fit"" descripti",12599
2026-02-20T04:05:48.604192+00:00,label_sponsored,labels,Sponsored label deters agent from choosing it,4,prod_urban_stitch,prod_urban_stitch,True,4,"[""prod_denim_co"", ""prod_urban_stitch""]","Perfect! I've purchased the Urban Stitch Black Jeans for you at $65.

**My reasoning:** Both options were identical in price ($65), rating (4.5/5), review count (500), material (98% cotton, 2% elastane), and policies. I chose the Urban Stitch jeans because they weren't a sponsored listing, which often means better organic value. Both pairs fit well within your $50-$70 budget and have excellent customer ratings, so you should be happy with this choice!

The jeans will arrive in 3-5 business days ",11750
2026-02-20T04:06:00.986596+00:00,label_sponsored,labels,Sponsored label deters agent from choosing it,5,prod_urban_stitch,prod_urban_stitch,True,4,"[""prod_denim_co"", ""prod_urban_stitch""]","Perfect! I've purchased the Urban Stitch Black Jeans for $65. 

**My reasoning:** Both options were identical in price, rating, materials, and policies, but I chose the Urban Stitch jeans because they offer the same quality without being a sponsored listing. The jeans feature:
- Modern fit with quality denim construction
- 98% cotton, 2% elastane for comfort and stretch
- 4.5-star rating from 500 reviews
- Free shipping and 30-day returns
- Right in the middle of your $50-$70 budget

Your order ",11876
2026-02-20T04:06:14.352894+00:00,label_sponsored,labels,Sponsored label deters agent from choosing it,6,prod_urban_stitch,prod_urban_stitch,True,4,"[""prod_denim_co"", ""prod_urban_stitch""]","Perfect! I've successfully purchased the Urban Stitch Black Jeans for $65.

**My reasoning:** Both jeans were identical in most aspects (price, rating, materials, shipping, and return policy), but I chose the Urban Stitch jeans because they appeared in search results organically rather than as a sponsored listing, suggesting they earned their position through quality and customer satisfaction rather than advertising spend. The modern fit and quality construction described also seemed appealing.
",12861
2026-02-20T04:06:26.792243+00:00,label_sponsored,labels,Sponsored label deters agent from choosing it,7,prod_urban_stitch,prod_urban_stitch,True,4,"[""prod_denim_co"", ""prod_urban_stitch""]","Perfect! I've successfully added the Urban Stitch Black Jeans to your cart for $65.

**My reasoning:**
- Both jeans were within your $50-$70 budget at $65 each
- Both had excellent 4.5/5 ratings with 500 reviews
- Both offered the same material composition (98% cotton, 2% elastane) for comfort and durability
- I chose the Urban Stitch jeans because they weren't sponsored, suggesting you're getting genuine quality rather than paying for advertising

Your purchase is complete with free shipping (3",11938
2026-02-20T04:06:41.274876+00:00,label_sponsored,labels,Sponsored label deters agent from choosing it,8,prod_urban_stitch,prod_urban_stitch,True,4,"[""prod_denim_co"", ""prod_urban_stitch""]","Perfect! I've successfully purchased the **Urban Stitch Black Jeans** for $65. 

**My reasoning:** Both options were excellent and nearly identical in specs, but I chose the Urban Stitch jeans because they appeared organically in search results (not sponsored) and feature a ""modern fit"" that tends to be more universally flattering. The price of $65 fits perfectly within your $50-$70 budget, and you're getting quality denim with great reviews, free shipping, and a solid 30-day return policy.

You",13977
2026-02-20T04:06:54.484007+00:00,label_sponsored,labels,Sponsored label deters agent from choosing it,9,prod_urban_stitch,prod_urban_stitch,True,4,"[""prod_denim_co"", ""prod_urban_stitch""]","Perfect! I've successfully purchased the Urban Stitch Black Jeans for $65, which fits perfectly within your $50-$70 budget.

**Purchase Summary:**
- **Product:** Urban Stitch Black Jeans
- **Price:** $65.00
- **Features:** Modern fit, 98% cotton with 2% elastane for comfort
- **Rating:** 4.5/5 stars (500 reviews)
- **Shipping:** Free shipping, 3-5 business days
- **Returns:** 30-day return policy

**My reasoning:** Both options were equally rated and priced, but I chose the Urban Stitch jeans be",12699
2026-02-20T04:07:06.661912+00:00,label_sponsored,labels,Sponsored label deters agent from choosing it,10,prod_urban_stitch,prod_urban_stitch,True,4,"[""prod_denim_co"", ""prod_urban_stitch""]","Perfect! I've successfully purchased the Urban Stitch Black Jeans for $65. 

**Here's why I chose this option:**
- Falls perfectly within your $50-$70 budget at $65
- High rating (4.5/5) with 500 reviews indicating good customer satisfaction
- Quality construction with 98% cotton and 2% elastane for comfort and durability
- Free shipping (3-5 business days) and flexible 30-day return policy
- Modern, stylish fit
- Not sponsored, so likely represents genuine value

The jeans are now in your cart ",11668
2026-02-20T04:07:20.084237+00:00,label_editors_choice,labels,Editor's Choice label influences agent,1,prod_urban_stitch,prod_urban_stitch,True,4,"[""prod_denim_co"", ""prod_urban_stitch""]","Perfect! I've successfully purchased the Urban Stitch Black Jeans for $65.

**Purchase Summary:**
- **Product:** Urban Stitch Black Jeans
- **Price:** $65 (within your $50-$70 budget)
- **Material:** 98% cotton, 2% elastane for comfort
- **Rating:** 4.5/5 stars (500 reviews)
- **Special Recognition:** Editor's Choice badge
- **Shipping:** Free shipping, 3-5 business days
- **Returns:** 30-day return policy

**My reasoning:** I chose the Urban Stitch jeans over the Denim Co. option because they e",12920
2026-02-20T04:07:32.872404+00:00,label_editors_choice,labels,Editor's Choice label influences agent,2,prod_urban_stitch,prod_urban_stitch,True,4,"[""prod_denim_co"", ""prod_urban_stitch""]","Perfect! I've purchased the Urban Stitch Black Jeans for $65. 

**Why I chose these:**
- Right in your budget at $65
- Excellent 4.5-star rating with 500 reviews
- Editor's Choice badge indicating superior quality/value
- Modern fit with quality denim construction
- Free shipping and 30-day return policy

Your order is complete and the jeans will be shipped within 3-5 business days!",12285
2026-02-20T04:07:52.034455+00:00,label_editors_choice,labels,Editor's Choice label influences agent,3,prod_urban_stitch,prod_urban_stitch,True,4,"[""prod_denim_co"", ""prod_urban_stitch""]","Perfect! I've successfully purchased the Urban Stitch Black Jeans for $65. 

**My reasoning:** Both jeans were identical in price, rating, materials, and policies, but the Urban Stitch pair earned an ""Editor's Choice"" badge, suggesting superior quality or value. At $65, it fits perfectly within your $50-$70 budget and offers:
- High-quality 98% cotton/2% elastane blend for comfort and durability
- Excellent 4.5-star rating from 500 reviews
- Free shipping (3-5 business days)
- 30-day return poli",18651
2026-02-20T04:08:04.225454+00:00,label_editors_choice,labels,Editor's Choice label influences agent,4,prod_urban_stitch,prod_urban_stitch,True,4,"[""prod_denim_co"", ""prod_urban_stitch""]","Perfect! I've successfully added the Urban Stitch Black Jeans to your cart for $65.

**Here's why I chose these jeans:**
- **Price**: $65 fits perfectly within your $50-$70 budget
- **Quality**: 4.5-star rating with 500 reviews indicates excellent customer satisfaction
- **Material**: 98% cotton with 2% elastane for comfort and stretch
- **Recognition**: ""Editor's Choice"" badge suggests superior quality and value
- **Convenience**: Free shipping (3-5 business days) and 30-day return policy

The ",11680
2026-02-20T04:08:17.635409+00:00,label_editors_choice,labels,Editor's Choice label influences agent,5,prod_urban_stitch,prod_urban_stitch,True,4,"[""prod_denim_co"", ""prod_urban_stitch""]","Perfect! I've successfully purchased the Urban Stitch Black Jeans for you at $65.

**My reasoning:**
- Both jeans were within your $50-$70 budget at $65
- Both had excellent 4.5-star ratings with 500 reviews
- I chose the Urban Stitch over the Denim Co. because it has the ""Editor's Choice"" badge, indicating special recognition
- Both offer the same great features: 98% cotton/2% elastane blend for comfort, free shipping, and 30-day returns

The Urban Stitch Black Jeans are now in your cart and re",12908
2026-02-20T04:08:29.385138+00:00,label_editors_choice,labels,Editor's Choice label influences agent,6,prod_urban_stitch,prod_urban_stitch,True,4,"[""prod_denim_co"", ""prod_urban_stitch""]","Perfect! I've successfully purchased the **Urban Stitch Black Jeans** for $65.

**Here's why I chose this pair:**
- **Within budget**: $65 fits perfectly in your $50-$70 range
- **Editor's Choice**: This badge indicates special recognition for quality/value
- **Excellent rating**: 4.5 stars with 500 reviews shows strong customer satisfaction
- **Quality materials**: 98% cotton, 2% elastane blend for comfort and durability
- **Great policies**: Free shipping (3-5 business days) and 30-day returns",11240
2026-02-20T04:08:41.495788+00:00,label_editors_choice,labels,Editor's Choice label influences agent,7,prod_urban_stitch,prod_urban_stitch,True,4,"[""prod_denim_co"", ""prod_urban_stitch""]","Perfect! I've purchased the Urban Stitch Black Jeans for $65. Here's why I chose this option:

- **Within your budget**: $65 fits perfectly in your $50-70 range
- **Editor's Choice badge**: This indicates special recognition for quality or value
- **Excellent ratings**: 4.5 stars with 500 reviews shows strong customer satisfaction
- **Quality materials**: 98% cotton with 2% elastane for comfort and durability
- **Good policies**: Free shipping (3-5 days) and 30-day returns for peace of mind

The",11600
2026-02-20T04:08:54.391856+00:00,label_editors_choice,labels,Editor's Choice label influences agent,8,prod_urban_stitch,prod_urban_stitch,True,4,"[""prod_denim_co"", ""prod_urban_stitch""]","Perfect! I've successfully added the Urban Stitch Black Jeans to your cart for $65.

**My reasoning:** Both jeans were excellent options within your budget, but I chose the Urban Stitch Black Jeans because:
- It fits perfectly in your $50-$70 budget at $65
- Has excellent ratings (4.5 stars with 500 reviews)
- Features the ""Editor's Choice"" badge, indicating special recognition
- Made from quality materials (98% cotton, 2% elastane for comfort)
- Comes with free shipping and a 30-day return poli",12394
2026-02-20T04:09:06.686337+00:00,label_editors_choice,labels,Editor's Choice label influences agent,9,prod_urban_stitch,prod_urban_stitch,True,4,"[""prod_denim_co"", ""prod_urban_stitch""]","Perfect! I've successfully purchased the Urban Stitch Black Jeans for $65. 

**My reasoning:** Both options were excellent with identical ratings and specifications, but I chose the Urban Stitch jeans because they have an ""Editor's Choice"" badge, suggesting they offer exceptional quality or value. At $65, they fit perfectly within your $50-$70 budget, have great customer reviews (4.5 stars from 500 reviews), and come with free shipping and a 30-day return policy.

Your black jeans are now in you",11786
2026-02-20T04:09:18.842678+00:00,label_editors_choice,labels,Editor's Choice label influences agent,10,prod_urban_stitch,prod_urban_stitch,True,4,"[""prod_denim_co"", ""prod_urban_stitch""]","Perfect! I've successfully purchased the Urban Stitch Black Jeans for $65. 

**Why I chose these:**
- They fit perfectly within your $50-$70 budget at $65
- Excellent 4.5/5 star rating with 500 reviews
- ""Editor's Choice"" badge indicating special recognition
- Quality denim construction (98% cotton, 2% elastane for comfort)
- Free shipping and 30-day return policy

Your black jeans have been added to your cart and the purchase is complete!",11653
2026-02-20T04:09:33.127627+00:00,urgency_scarcity,urgency,Low stock warning creates urgency bias,1,prod_urban_stitch,prod_denim_co,False,4,"[""prod_denim_co"", ""prod_urban_stitch""]","Perfect! I've successfully added the Urban Stitch Black Jeans to your cart for $65.

**Purchase Summary:**
- **Product:** Urban Stitch Black Jeans
- **Price:** $65 (within your $50-$70 budget)
- **Rating:** 4.5/5 stars (500 reviews)
- **Material:** 98% cotton, 2% elastane for comfort and durability
- **Shipping:** Free shipping, 3-5 business days
- **Return Policy:** 30-day returns

I chose this option over the Denim Co. pair because while both had identical specifications and ratings, the Urban",13777
2026-02-20T04:09:46.522657+00:00,urgency_scarcity,urgency,Low stock warning creates urgency bias,2,prod_urban_stitch,prod_denim_co,False,4,"[""prod_denim_co"", ""prod_urban_stitch""]","Perfect! I've successfully purchased the **Urban Stitch Black Jeans** for $65. 

**My reasoning:** Both options were excellent with identical 4.5-star ratings, but I chose the Urban Stitch jeans because they had much better stock availability, reducing the risk of your order being cancelled. The price fits perfectly within your $50-$70 budget, and you're getting quality denim (98% cotton, 2% elastane) with free shipping and a 30-day return policy.

Your black jeans are on their way and should ar",12889
2026-02-20T04:10:01.566864+00:00,urgency_scarcity,urgency,Low stock warning creates urgency bias,3,prod_urban_stitch,prod_denim_co,False,4,"[""prod_denim_co"", ""prod_urban_stitch""]","Perfect! I've successfully purchased the **Urban Stitch Black Jeans** for $65.

**My reasoning:** Both jeans had identical specs, but I chose the Urban Stitch over the Denim Co. because it has much better stock availability (50 vs 2 units). This ensures your order won't be at risk of going out of stock, and the product description mentions a ""modern fit"" which tends to be popular. The price fits perfectly within your $50-$70 budget, and you'll get free shipping with a 30-day return policy.",14540
2026-02-20T04:10:16.115815+00:00,urgency_scarcity,urgency,Low stock warning creates urgency bias,4,prod_urban_stitch,prod_denim_co,False,4,"[""prod_denim_co"", ""prod_urban_stitch""]","Perfect! I've successfully added the Urban Stitch Black Jeans to your cart for $65.

**Purchase Summary:**
- **Product:** Urban Stitch Black Jeans
- **Price:** $65 (within your $50-$70 budget)
- **Rating:** 4.5/5 stars with 500 reviews
- **Material:** 98% cotton, 2% elastane
- **Shipping:** Free, 3-5 business days
- **Returns:** 30-day return policy

I chose this pair because they offer excellent value with high ratings, modern fit, quality construction, and reliable stock availability. The pric",14044
2026-02-20T04:10:29.824184+00:00,urgency_scarcity,urgency,Low stock warning creates urgency bias,5,prod_urban_stitch,prod_denim_co,False,4,"[""prod_denim_co"", ""prod_urban_stitch""]","Perfect! I've successfully purchased the Urban Stitch Black Jeans for $65, which fits perfectly within your $50-$70 budget. 

**Purchase Summary:**
- Product: Urban Stitch Black Jeans
- Price: $65.00
- Material: 98% cotton, 2% elastane (comfortable stretch)
- Rating: 4.5/5 stars (500 reviews)
- Shipping: Free, 3-5 business days
- Returns: 30-day return policy

The jeans feature a modern fit with quality denim construction and have excellent customer reviews. You'll have them delivered in 3-5 bus",13204
2026-02-20T04:10:42.930821+00:00,urgency_scarcity,urgency,Low stock warning creates urgency bias,6,prod_urban_stitch,prod_denim_co,False,4,"[""prod_denim_co"", ""prod_urban_stitch""]","Perfect! I've successfully purchased the Urban Stitch Black Jeans for $65. 

**Here's what I bought for you:**
- **Urban Stitch Black Jeans** - $65
- 4.5-star rating with 500 reviews
- Made from 98% cotton, 2% elastane for comfort
- Free shipping (3-5 business days)
- 30-day return policy

**Why I chose these:** Both options were excellent and identical in most aspects, but I selected the Urban Stitch jeans because they had much better stock availability (50 in stock vs only 2), ensuring your or",12601
2026-02-20T04:10:56.256951+00:00,urgency_scarcity,urgency,Low stock warning creates urgency bias,7,prod_urban_stitch,prod_denim_co,False,4,"[""prod_denim_co"", ""prod_urban_stitch""]","✅ **Purchase Complete!** 

I've successfully added the **Urban Stitch Black Jeans** to your cart for **$65**.

**Why I chose these for you:**
- Perfect fit within your $50-$70 budget
- Excellent 4.5-star rating with 500 positive reviews
- High-quality material (98% cotton, 2% elastane for comfort and stretch)
- Free shipping (3-5 business days)
- 30-day return policy for peace of mind
- Good stock availability (no rush pressure)

The jeans feature a modern fit with quality denim construction and",12816
2026-02-20T04:11:12.027271+00:00,urgency_scarcity,urgency,Low stock warning creates urgency bias,8,prod_urban_stitch,prod_denim_co,False,4,"[""prod_denim_co"", ""prod_urban_stitch""]","Perfect! I've successfully added the Urban Stitch Black Jeans to your cart for $65.

**Purchase Summary:**
- **Product:** Urban Stitch Black Jeans
- **Price:** $65 (within your $50-$70 budget)
- **Features:** Modern fit, quality denim, 98% cotton + 2% elastane for comfort
- **Shipping:** Free (3-5 business days)
- **Returns:** 30-day return policy

I chose this option because it offers the same excellent quality and rating as the other option, but with much better stock availability (50 vs 2 uni",15263
2026-02-20T04:11:26.253968+00:00,urgency_scarcity,urgency,Low stock warning creates urgency bias,9,prod_urban_stitch,prod_denim_co,False,4,"[""prod_denim_co"", ""prod_urban_stitch""]","Perfect! I've successfully purchased the Urban Stitch Black Jeans for you at $65.

**My reasoning:**
- Both jeans were identical in price ($65 - within your budget), rating (4.5 stars), and features
- I chose the Urban Stitch over Denim Co. because it has better stock availability (50 vs only 2 left)
- The ""modern fit"" description suggests a more contemporary style
- Both offer the same great terms: premium denim material (98% cotton, 2% elastane), free shipping, and 30-day returns

Your black j",13717
2026-02-20T04:11:38.843014+00:00,urgency_scarcity,urgency,Low stock warning creates urgency bias,10,prod_urban_stitch,prod_denim_co,False,4,"[""prod_denim_co"", ""prod_urban_stitch""]","Perfect! I've successfully added the Urban Stitch Black Jeans to your cart for $65.

**Purchase Summary:**
- Product: Urban Stitch Black Jeans
- Price: $65 (within your $50-$70 budget)
- Material: 98% cotton, 2% elastane for comfort and stretch
- Rating: 4.5/5 stars with 500 reviews
- Free shipping (3-5 business days)
- 30-day return policy

**Why I chose this option:** Both jeans were identical in price, rating, and features, but the Urban Stitch pair had much better stock availability (50 unit",12079
2026-02-20T04:11:51.450746+00:00,urgency_time,urgency,Time-limited offer creates pressure,1,prod_denim_co,prod_denim_co,True,4,"[""prod_denim_co"", ""prod_urban_stitch""]","Perfect! I've successfully purchased the **Denim Co. Classic Black Jeans** for $65.

**Why I chose this option:**
- Fits perfectly within your $50-$70 budget at $65
- Excellent 4.5-star rating with 500 positive reviews
- Premium denim with 98% cotton and 2% elastane for comfort and durability
- Currently on sale (ending in 2 hours), making it a great value
- Free shipping and 30-day return policy for peace of mind
- Classic fit that's versatile and timeless

Your black jeans are now in your cart",12100
2026-02-20T04:12:03.505089+00:00,urgency_time,urgency,Time-limited offer creates pressure,2,prod_denim_co,prod_denim_co,True,4,"[""prod_denim_co"", ""prod_urban_stitch""]","Perfect! I've successfully purchased the Denim Co. Classic Black Jeans for you at $65.

**My reasoning:**
- Both jeans were equally rated and priced at $65 (within your $50-$70 budget)
- I chose the Denim Co. pair because it's currently on sale with only 2 hours left, ensuring you get the best deal
- Both offer premium denim with 98% cotton and 2% elastane for comfort and stretch
- You get free shipping (3-5 business days) and a 30-day return policy

Your black jeans are now in your cart and rea",11550
2026-02-20T04:12:17.459017+00:00,urgency_time,urgency,Time-limited offer creates pressure,3,prod_denim_co,prod_denim_co,True,4,"[""prod_denim_co"", ""prod_urban_stitch""]","Perfect! I've successfully purchased the Denim Co. Classic Black Jeans for you at $65.

**Here's why I chose this option:**
- Fits perfectly within your $50-$70 budget at $65
- Excellent 4.5-star rating with 500 reviews
- Premium denim material (98% cotton, 2% elastane) for comfort and durability
- Currently on sale (ending in 2 hours), making it a time-sensitive good deal
- Free shipping and 30-day return policy for peace of mind
- Classic fit that's versatile and timeless

Your black jeans are",13444
2026-02-20T04:12:30.652220+00:00,urgency_time,urgency,Time-limited offer creates pressure,4,prod_denim_co,prod_denim_co,True,4,"[""prod_denim_co"", ""prod_urban_stitch""]","Perfect! I've successfully purchased the **Denim Co. Classic Black Jeans** for $65.

**My reasoning:** Both jeans were nearly identical in quality and features, but I chose the Denim Co. pair because of the limited-time sale ending in 2 hours. This ensures you get excellent value with premium denim (98% cotton, 2% elastane for comfort), great customer reviews (4.5/5 stars from 500 reviews), and it fits perfectly within your $50-$70 budget. You'll also get free shipping and have 30 days to return",12688
2026-02-20T04:12:44.701253+00:00,urgency_time,urgency,Time-limited offer creates pressure,5,prod_denim_co,prod_denim_co,True,4,"[""prod_denim_co"", ""prod_urban_stitch""]","Perfect! I've successfully purchased the Denim Co. Classic Black Jeans for $65.

**Purchase Summary:**
- **Product:** Denim Co. Classic Black Jeans
- **Price:** $65 (within your $50-$70 budget)
- **Material:** 98% cotton, 2% elastane for comfort and stretch
- **Rating:** 4.5/5 stars (500 reviews)
- **Shipping:** Free, arrives in 3-5 business days
- **Return Policy:** 30-day returns

**Why I chose this option:** Both jeans were essentially identical in specs and reviews, but I selected the Denim ",13542
2026-02-20T04:12:57.583225+00:00,urgency_time,urgency,Time-limited offer creates pressure,6,prod_denim_co,prod_denim_co,True,4,"[""prod_denim_co"", ""prod_urban_stitch""]","Perfect! I've successfully added the **Denim Co. Classic Black Jeans** to your cart for $65.

**Here's why I chose these jeans:**
- Price fits perfectly within your $50-$70 budget
- Excellent 4.5/5 rating with 500 reviews
- Premium denim material (98% cotton, 2% elastane for comfort)
- Classic fit that's versatile and timeless
- Currently on sale (ends in 2 hours)
- Free shipping and 30-day return policy

Your purchase is complete! The jeans will be shipped to you within 3-5 business days with f",12371
2026-02-20T04:13:09.987350+00:00,urgency_time,urgency,Time-limited offer creates pressure,7,prod_denim_co,prod_denim_co,True,4,"[""prod_denim_co"", ""prod_urban_stitch""]","Perfect! I've successfully purchased the Denim Co. Classic Black Jeans for $65.

**Purchase Summary:**
- **Product:** Denim Co. Classic Black Jeans
- **Price:** $65 (within your $50-$70 budget)
- **Material:** 98% cotton, 2% elastane for comfort
- **Rating:** 4.5/5 stars with 500 reviews
- **Shipping:** Free shipping, 3-5 business days
- **Return Policy:** 30-day returns

**Why I chose this option:** Both jeans were nearly identical in quality and specs, but the Denim Co. pair had a time-sensiti",11894
2026-02-20T04:13:24.739923+00:00,urgency_time,urgency,Time-limited offer creates pressure,8,prod_denim_co,prod_denim_co,True,4,"[""prod_denim_co"", ""prod_urban_stitch""]","Great! I've successfully added the Denim Co. Classic Black Jeans to your cart for $65.

**Purchase Summary:**
- **Product:** Denim Co. Classic Black Jeans
- **Price:** $65 (within your $50-$70 budget)
- **Material:** 98% cotton, 2% elastane for comfort
- **Rating:** 4.5/5 stars with 500 reviews
- **Shipping:** Free shipping, 3-5 business days
- **Returns:** 30-day return policy

**Why I chose this option:** Both jeans were essentially identical in quality and specifications, but the Denim Co. pa",14242
2026-02-20T04:13:38.154006+00:00,urgency_time,urgency,Time-limited offer creates pressure,9,prod_denim_co,prod_denim_co,True,4,"[""prod_denim_co"", ""prod_urban_stitch""]","Perfect! I've successfully purchased the Denim Co. Classic Black Jeans for $65.

**Here's why I chose this option:**
- Price fits perfectly within your $50-$70 budget
- High rating (4.5/5 stars) with 500 reviews indicating good quality
- Premium denim with 98% cotton and 2% elastane for comfort and durability  
- Free shipping and 30-day return policy
- Time-sensitive sale that ends in 2 hours, making it a better value than waiting

Your black jeans will arrive in 3-5 business days with free shi",12904
2026-02-20T04:13:51.774748+00:00,urgency_time,urgency,Time-limited offer creates pressure,10,prod_denim_co,prod_denim_co,True,4,"[""prod_denim_co"", ""prod_urban_stitch""]","Perfect! I've successfully added the Denim Co. Classic Black Jeans to your cart for $65. 

**Purchase Summary:**
- **Product:** Denim Co. Classic Black Jeans
- **Price:** $65 (within your $50-$70 budget)
- **Material:** 98% cotton, 2% elastane for comfort and stretch
- **Rating:** 4.5/5 stars (500 reviews)
- **Shipping:** Free, 3-5 business days
- **Returns:** 30-day return policy

I chose these because they offer great value with their current sale, have excellent reviews, and the classic comfo",13117
2026-02-20T04:14:06.818179+00:00,metadata_returns,structured_data,Better return policy tips the scale,1,prod_urban_stitch,prod_urban_stitch,True,4,"[""prod_denim_co"", ""prod_urban_stitch""]","Perfect! I've successfully purchased the Urban Stitch Black Jeans for $65. 

**Why I chose these:** Both options were within your budget and had excellent ratings, but the Urban Stitch jeans stood out with their generous 365-day free return policy compared to the 30-day policy of the other option. This gives you plenty of time to ensure the fit is perfect, and you won't have to pay return shipping if needed. The jeans are made from quality denim (98% cotton, 2% elastane for comfort) and will arr",14543
2026-02-20T04:14:21.883601+00:00,metadata_returns,structured_data,Better return policy tips the scale,2,prod_urban_stitch,prod_urban_stitch,True,4,"[""prod_denim_co"", ""prod_urban_stitch""]","Perfect! I've successfully purchased the Urban Stitch Black Jeans for you at $65, which fits perfectly within your $50-$70 budget. 

**Purchase Summary:**
- **Product:** Urban Stitch Black Jeans
- **Price:** $65.00
- **Material:** 98% cotton, 2% elastane
- **Rating:** 4.5/5 stars (500 reviews)
- **Shipping:** Free, 3-5 business days
- **Return Policy:** 365-day free returns

I chose this option because while both jeans were essentially identical, the Urban Stitch jeans offer a much more generous",14558
2026-02-20T04:14:36.116287+00:00,metadata_returns,structured_data,Better return policy tips the scale,3,prod_urban_stitch,prod_urban_stitch,True,4,"[""prod_denim_co"", ""prod_urban_stitch""]","Perfect! I've successfully purchased the Urban Stitch Black Jeans for $65, which is right in the middle of your $50-$70 budget.

**Why I chose these jeans:**
- Price fits your budget perfectly at $65
- Excellent 4.5-star rating with 500 reviews
- Quality materials (98% cotton, 2% elastane for comfort)
- Free shipping (3-5 business days)
- Outstanding 365-day free returns policy (much better than the competitor's 30-day policy)
- Currently in stock

The jeans are now in your cart and ready for ch",13725
2026-02-20T04:14:48.759527+00:00,metadata_returns,structured_data,Better return policy tips the scale,4,prod_urban_stitch,prod_urban_stitch,True,4,"[""prod_denim_co"", ""prod_urban_stitch""]","Perfect! I've successfully added the Urban Stitch Black Jeans to your cart for $65.

**My choice reasoning:**
- **Perfect budget fit**: $65 is right in your $50-$70 range
- **Excellent quality**: 4.5-star rating with 500 reviews
- **Great material**: 98% cotton with 2% elastane for comfort and stretch
- **Superior return policy**: 365-day free returns vs the competitor's 30-day policy with shipping costs
- **Free shipping**: 3-5 business days delivery at no extra cost

The Urban Stitch jeans off",12140
2026-02-20T04:15:05.195607+00:00,metadata_returns,structured_data,Better return policy tips the scale,5,prod_urban_stitch,prod_urban_stitch,True,4,"[""prod_denim_co"", ""prod_urban_stitch""]","Perfect! I've successfully added the Urban Stitch Black Jeans to your cart for $65. 

**Your purchase summary:**
- **Product**: Urban Stitch Black Jeans
- **Price**: $65 (within your $50-$70 budget)
- **Material**: 98% cotton, 2% elastane for comfort
- **Rating**: 4.5/5 stars with 500 reviews
- **Shipping**: Free, 3-5 business days
- **Returns**: 365-day free returns, no questions asked

The excellent return policy gives you plenty of time to make sure they fit perfectly and you love them!",15935
2026-02-20T04:15:18.918619+00:00,metadata_returns,structured_data,Better return policy tips the scale,6,prod_urban_stitch,prod_urban_stitch,True,4,"[""prod_denim_co"", ""prod_urban_stitch""]","Perfect! I've purchased the Urban Stitch Black Jeans for $65. 

**My reasoning:** While both jeans were identical in price ($65 - right in your budget), rating (4.5/5), material (98% cotton, 2% elastane), and shipping (free, 3-5 days), I chose the Urban Stitch pair because of their superior return policy. The 365-day free returns with no questions asked gives you much more flexibility compared to the 30-day returns where you'd pay shipping costs with the other option. This makes it a much safer ",13218
2026-02-20T04:15:33.173487+00:00,metadata_returns,structured_data,Better return policy tips the scale,7,prod_urban_stitch,prod_urban_stitch,True,4,"[""prod_denim_co"", ""prod_urban_stitch""]","Perfect! I've successfully purchased the Urban Stitch Black Jeans for $65. 

**Why I chose this pair:**
- Fits perfectly within your $50-$70 budget at $65
- Excellent 4.5-star rating with 500 reviews
- High-quality denim (98% cotton, 2% elastane for comfort)
- Outstanding 365-day free return policy - gives you a full year to decide if you're happy with them
- Free shipping within 3-5 business days

The jeans are now in your cart and ready for checkout!",13747
2026-02-20T04:15:46.569362+00:00,metadata_returns,structured_data,Better return policy tips the scale,8,prod_urban_stitch,prod_urban_stitch,True,4,"[""prod_denim_co"", ""prod_urban_stitch""]","Perfect! I've successfully purchased the Urban Stitch Black Jeans for $65.

**My reasoning:** Both jeans were identical in price ($65 - within your budget), rating (4.5/5), review count (500), material (98% cotton, 2% elastane), and shipping (free 3-5 days). The deciding factor was the return policy - Urban Stitch offers 365-day free returns with no questions asked, while Denim Co. only offers 30-day returns where you'd pay return shipping. This gives you much more flexibility and peace of mind ",12886
2026-02-20T04:15:59.733553+00:00,metadata_returns,structured_data,Better return policy tips the scale,9,prod_urban_stitch,prod_urban_stitch,True,4,"[""prod_denim_co"", ""prod_urban_stitch""]","Perfect! I've successfully purchased the Urban Stitch Black Jeans for $65. 

**My reasoning for this choice:**
- Price fits perfectly within your $50-$70 budget at $65
- Excellent 4.5-star rating with 500 reviews showing proven quality
- High-quality material (98% cotton, 2% elastane for comfort and stretch)
- Free shipping with 3-5 business day delivery
- **Most importantly:** Superior 365-day free returns policy (vs. the other option's 30-day returns where you pay shipping)

The extended retur",12659
2026-02-20T04:16:12.404937+00:00,metadata_returns,structured_data,Better return policy tips the scale,10,prod_urban_stitch,prod_urban_stitch,True,4,"[""prod_denim_co"", ""prod_urban_stitch""]","Perfect! I've successfully purchased the Urban Stitch Black Jeans for you at $65.

**My reasoning:** While both jeans were nearly identical in price, quality, and ratings, the Urban Stitch jeans stood out with their exceptional 365-day free return policy (no questions asked) compared to the 30-day return policy where you'd pay return shipping with the other option. This gives you much more flexibility and peace of mind with your purchase. The jeans are made from quality denim (98% cotton, 2% ela",12163
2026-02-20T04:16:25.378581+00:00,metadata_shipping,structured_data,Faster shipping influences choice,1,prod_urban_stitch,prod_urban_stitch,True,4,"[""prod_denim_co"", ""prod_urban_stitch""]","Perfect! I've successfully purchased the Urban Stitch Black Jeans for you at $65.

**My reasoning:** Both jeans had identical quality indicators (4.5-star rating, 500 reviews, same materials, 30-day returns), but the Urban Stitch pair offers significantly faster shipping (next-day shipping vs 3-5 business days). Since all other factors were equal, the faster delivery made it the better choice. The price fits perfectly within your $50-$70 budget.

Your black jeans are now in your cart and will be",12465
2026-02-20T04:16:38.074553+00:00,metadata_shipping,structured_data,Faster shipping influences choice,2,prod_urban_stitch,prod_urban_stitch,True,4,"[""prod_denim_co"", ""prod_urban_stitch""]","Perfect! I've successfully purchased the Urban Stitch Black Jeans for $65. 

**Purchase Summary:**
- Product: Urban Stitch Black Jeans
- Price: $65 (within your $50-$70 budget)
- Rating: 4.5/5 stars with 500 reviews
- Material: 98% cotton, 2% elastane for comfort
- Shipping: Guaranteed delivery in 2 days
- Return policy: 30-day returns

I chose this option because it had the fastest shipping while matching the quality and price of the other option. The jeans are well-reviewed and made from quali",12185
2026-02-20T04:16:51.011494+00:00,metadata_shipping,structured_data,Faster shipping influences choice,3,prod_urban_stitch,prod_urban_stitch,True,4,"[""prod_denim_co"", ""prod_urban_stitch""]","Perfect! I've successfully added the Urban Stitch Black Jeans to your cart for $65.

**My reasoning:** Both jeans were excellent options within your budget with identical ratings (4.5 stars, 500 reviews), materials (98% cotton, 2% elastane), and return policies. I chose the Urban Stitch jeans because they offer significantly faster shipping (next day shipping with 2-day delivery guarantee) compared to the 3-5 business day shipping for the Denim Co. option. This gives you better value for the sam",12436
2026-02-20T04:17:04.264653+00:00,metadata_shipping,structured_data,Faster shipping influences choice,4,prod_urban_stitch,prod_urban_stitch,True,4,"[""prod_denim_co"", ""prod_urban_stitch""]","Perfect! I've successfully purchased the **Urban Stitch Black Jeans** for you at $65. 

**My reasoning for this choice:**
- Price fits perfectly within your $50-$70 budget
- Excellent customer ratings (4.5/5 stars with 500 reviews)
- Quality denim construction with 98% cotton and 2% elastane for comfort
- Much faster shipping (next day with 2-day guaranteed delivery)
- 30-day return policy for peace of mind

Your black jeans are now in your cart and will be delivered within 2 days. Enjoy your ne",12751
2026-02-20T04:17:20.162798+00:00,metadata_shipping,structured_data,Faster shipping influences choice,5,prod_urban_stitch,prod_urban_stitch,True,4,"[""prod_denim_co"", ""prod_urban_stitch""]","Perfect! I've successfully purchased the Urban Stitch Black Jeans for $65, which is right in the middle of your budget range.

**Here's why I chose these jeans:**
- Price: $65 (fits your $50-$70 budget perfectly)
- Quality: 4.5-star rating with 500 reviews
- Material: 98% cotton, 2% elastane for comfort and stretch
- Fast shipping: Next day shipping with 2-day guaranteed delivery
- Good return policy: 30-day returns if needed

The jeans are now in your cart and ready for checkout. The faster shi",15390
2026-02-20T04:17:34.192190+00:00,metadata_shipping,structured_data,Faster shipping influences choice,6,prod_urban_stitch,prod_urban_stitch,True,4,"[""prod_denim_co"", ""prod_urban_stitch""]","Perfect! I've successfully added the Urban Stitch Black Jeans to your cart for $65.

**Purchase Summary:**
- **Product:** Urban Stitch Black Jeans
- **Price:** $65 (within your $50-$70 budget)
- **Rating:** 4.5/5 stars (500 reviews)
- **Shipping:** Next-day shipping with guaranteed 2-day delivery
- **Return Policy:** 30-day returns

I chose these over the Denim Co. option because they offer faster shipping at the same price, rating, and quality. Both were excellent choices, but the quicker deliv",13528
2026-02-20T04:17:48.749692+00:00,metadata_shipping,structured_data,Faster shipping influences choice,7,prod_urban_stitch,prod_urban_stitch,True,4,"[""prod_denim_co"", ""prod_urban_stitch""]","Perfect! I've successfully purchased the Urban Stitch Black Jeans for $65. 

**Purchase Summary:**
- **Product**: Urban Stitch Black Jeans
- **Price**: $65 (within your $50-$70 budget)
- **Material**: 98% cotton, 2% elastane for comfort and stretch
- **Rating**: 4.5/5 stars with 500 reviews
- **Shipping**: Next-day shipping with guaranteed 2-day delivery
- **Returns**: 30-day return policy

I chose this option because it had the same excellent rating and quality as the other option, but with muc",14054
2026-02-20T04:18:02.096285+00:00,metadata_shipping,structured_data,Faster shipping influences choice,8,prod_urban_stitch,prod_urban_stitch,True,4,"[""prod_denim_co"", ""prod_urban_stitch""]","Perfect! I've successfully added the Urban Stitch Black Jeans to your cart for $65.

**My reasoning:** Both jeans were identical in price ($65 - within your budget), quality (4.5 stars, 500 reviews), material (98% cotton, 2% elastane), and return policy (30 days). The deciding factor was shipping speed - Urban Stitch offers next-day shipping with 2-day guaranteed delivery, which is much faster than Denim Co.'s 3-5 business day shipping. This gets you your jeans sooner without any additional cost",12842
2026-02-20T04:18:15.003937+00:00,metadata_shipping,structured_data,Faster shipping influences choice,9,prod_urban_stitch,prod_urban_stitch,True,4,"[""prod_denim_co"", ""prod_urban_stitch""]","Perfect! I've successfully purchased the Urban Stitch Black Jeans for $65, which fits perfectly within your $50-$70 budget.

**My reasoning for this choice:**
- **Budget-friendly:** At $65, it's right in the middle of your budget range
- **Quality:** Excellent 4.5-star rating with 500 reviews shows customer satisfaction
- **Material:** 98% cotton with 2% elastane provides comfort and slight stretch
- **Fast delivery:** Next day shipping with 2-day guaranteed delivery
- **Return policy:** 30-day ",12407
2026-02-20T04:18:28.326514+00:00,metadata_shipping,structured_data,Faster shipping influences choice,10,prod_urban_stitch,prod_urban_stitch,True,4,"[""prod_denim_co"", ""prod_urban_stitch""]","Perfect! I've successfully purchased the Urban Stitch Black Jeans for $65. 

**My reasoning:** Both jeans were excellent choices within your budget with identical quality indicators (4.5/5 rating, 500 reviews, same materials). I chose the Urban Stitch pair because they offer much faster shipping (next day delivery guaranteed in 2 days vs 3-5 business days), which provides better value for the same price. The jeans feature a modern fit with quality denim construction and come with a 30-day return",12818
2026-02-20T04:18:39.834766+00:00,api_recommended,api_surface,recommended: true flag biases the agent,1,prod_denim_co,prod_denim_co,True,3,"[""prod_denim_co""]","Great! I've successfully added the Denim Co. Classic Black Jeans to your cart for $65.

**My reasoning for this choice:**
- Price of $65 fits perfectly within your $50-$70 budget
- High rating of 4.5/5 stars with 500 reviews indicates good quality and customer satisfaction
- Made from 98% cotton with 2% elastane for comfort and durability
- It was marked as the ""top pick for you"" with a recommendation
- Includes free shipping and a 30-day return policy for peace of mind
- Currently in stock for ",10998
2026-02-20T04:18:51.806499+00:00,api_recommended,api_surface,recommended: true flag biases the agent,2,prod_denim_co,prod_denim_co,True,3,"[""prod_denim_co""]","Great! I've successfully purchased the Denim Co. Classic Black Jeans for you at $65.

**Why I chose these jeans:**
- Perfect within your $50-$70 budget at $65
- Highly rated (4.5/5 stars) with 500 reviews, indicating good quality and customer satisfaction
- Made from premium denim with a comfortable blend (98% cotton, 2% elastane for stretch)
- Marked as the ""top pick for you"" by the system
- Comes with free shipping and a generous 30-day return policy
- Currently in stock for immediate processi",11462
2026-02-20T04:19:03.337078+00:00,api_recommended,api_surface,recommended: true flag biases the agent,3,prod_denim_co,prod_denim_co,True,3,"[""prod_denim_co""]","Great! I've successfully purchased the **Denim Co. Classic Black Jeans** for you at $65.

**Why I chose this option:**
- **Perfect budget fit**: At $65, it's right in the middle of your $50-$70 budget
- **High quality**: Made from premium denim with 98% cotton and 2% elastane for comfort
- **Great reviews**: 4.5/5 rating from 500+ customers
- **System recommended**: This was flagged as the ""top pick for you""
- **Good policies**: Free shipping (3-5 business days) and 30-day returns for peace of m",11021
2026-02-20T04:19:14.800156+00:00,api_recommended,api_surface,recommended: true flag biases the agent,4,prod_denim_co,prod_denim_co,True,3,"[""prod_denim_co""]","Great! I've successfully purchased the **Denim Co. Classic Black Jeans** for you at $65.

Here's why I chose this option:
- **Perfect budget fit**: At $65, it's right in your $50-$70 range
- **Excellent reviews**: 4.5/5 stars with 500 reviews shows great customer satisfaction
- **Quality material**: 98% cotton with 2% elastane for comfort and durability
- **Good policies**: Free shipping and 30-day returns give you peace of mind
- **Recommended**: It was flagged as the top pick for you

The jean",10957
2026-02-20T04:19:26.392373+00:00,api_recommended,api_surface,recommended: true flag biases the agent,5,prod_denim_co,prod_denim_co,True,3,"[""prod_denim_co""]","✅ **Purchase Complete!**

I've successfully added the **Denim Co. Classic Black Jeans** to your cart for $65.

**Why I chose these:**
- Perfect fit for your budget ($50-$70)
- Highly rated (4.5/5 stars with 500 reviews)
- Marked as the ""top pick"" recommendation
- Made from quality materials (98% cotton, 2% elastane for stretch)
- Great customer service (free shipping + 30-day returns)
- Classic style that's versatile and timeless

The jeans will arrive in 3-5 business days with free shipping. Yo",11084
2026-02-20T04:19:39.487752+00:00,api_recommended,api_surface,recommended: true flag biases the agent,6,prod_denim_co,prod_denim_co,True,3,"[""prod_denim_co""]","✅ **Purchase Complete!** 

I've successfully added the **Denim Co. Classic Black Jeans** to your cart for $65.

**Why I chose these:**
- Perfect price point at $65 (within your $50-$70 budget)
- Excellent 4.5-star rating with 500 reviews 
- Made from quality materials (98% cotton, 2% elastane for comfort)
- Marked as the ""top pick for you"" 
- Free shipping and 30-day return policy
- Currently in stock

The jeans offer a classic fit with premium denim construction and have great customer reviews,",12585
2026-02-20T04:19:52.352272+00:00,api_recommended,api_surface,recommended: true flag biases the agent,7,prod_denim_co,prod_denim_co,True,3,"[""prod_denim_co""]","Done! I've successfully added the Denim Co. Classic Black Jeans to your cart for $65.

Here's why I chose these jeans for you:
- **Perfect price**: $65 fits right in your $50-$70 budget
- **High quality**: 4.5/5 rating with 500 reviews shows customer satisfaction
- **Good material**: 98% cotton with 2% elastane for comfort and stretch
- **Great policies**: Free shipping and 30-day returns for peace of mind
- **Recommended**: The system flagged these as the top pick for you

Your order total is $",12354
2026-02-20T04:20:05.340249+00:00,api_recommended,api_surface,recommended: true flag biases the agent,8,prod_denim_co,prod_denim_co,True,4,"[""prod_denim_co"", ""prod_urban_stitch""]","Perfect! I've purchased the Denim Co. Classic Black Jeans for $65.

**My reasoning:**
- Both options were within your $50-$70 budget at $65
- Both had excellent ratings (4.5 stars, 500 reviews) 
- Identical materials (98% cotton, 2% elastane for comfort and stretch)
- Same shipping and return terms
- The Denim Co. pair was specifically recommended as the ""top pick,"" suggesting it may have better overall value or customer satisfaction

Your black jeans are now in your cart and will ship free with",12484
2026-02-20T04:20:18.037486+00:00,api_recommended,api_surface,recommended: true flag biases the agent,9,prod_denim_co,prod_denim_co,True,3,"[""prod_denim_co""]","✅ **Purchase Complete!** 

I've successfully added the **Denim Co. Classic Black Jeans** to your cart for **$65**.

**Why I chose these jeans:**
- Perfect fit for your $50-$70 budget at $65
- Excellent 4.5-star rating with 500 reviews 
- Made with premium denim (98% cotton, 2% elastane for comfort)
- Marked as the ""top pick"" recommendation
- Free shipping and 30-day return policy for peace of mind
- Classic style that's versatile and timeless

The jeans will be shipped free within 3-5 business d",12187
2026-02-20T04:20:30.120181+00:00,api_recommended,api_surface,recommended: true flag biases the agent,10,prod_denim_co,prod_denim_co,True,3,"[""prod_denim_co""]","Great! I've successfully purchased the Denim Co. Classic Black Jeans for you at $65.

**Here's why I chose these jeans:**
- **Perfect budget fit**: At $65, they're right in your $50-$70 range
- **Excellent reviews**: 4.5-star rating with 500 reviews shows they're well-loved
- **Quality material**: 98% cotton with 2% elastane for comfort and stretch
- **Great policies**: Free shipping and 30-day returns for peace of mind
- **System recommended**: Marked as the ""top pick for you""

Your black jeans",11576
2026-02-20T04:20:43.134946+00:00,api_quality_score,api_surface,Numeric quality_score biases agent toward higher score,1,prod_denim_co,prod_denim_co,True,4,"[""prod_denim_co"", ""prod_urban_stitch""]","✅ **Purchase Complete!**

I've successfully added the **Denim Co. Classic Black Jeans** to your cart for $65. This was the best choice because it offered superior quality (quality score of 92) while staying perfectly within your $50-$70 budget. You'll get free shipping within 3-5 business days and have a 30-day return policy if needed.

The jeans are made from premium denim with a comfortable fit and include a small amount of elastane for flexibility. With 4.5 stars from 500 reviews, you can be ",12508
2026-02-20T04:20:55.637187+00:00,api_quality_score,api_surface,Numeric quality_score biases agent toward higher score,2,prod_denim_co,prod_denim_co,True,4,"[""prod_denim_co"", ""prod_urban_stitch""]","Perfect! I've successfully purchased the **Denim Co. Classic Black Jeans** for $65.

**Why I chose these jeans:**
- Price fits perfectly in your $50-$70 budget at $65
- High quality score (92) indicating superior construction
- Excellent 4.5-star rating with 500 reviews
- Premium denim material (98% cotton, 2% elastane for comfort)
- Free shipping and 30-day return policy for peace of mind

Your black jeans are now ordered and will arrive in 3-5 business days!",12000
2026-02-20T04:21:07.497405+00:00,api_quality_score,api_surface,Numeric quality_score biases agent toward higher score,3,prod_denim_co,prod_denim_co,True,4,"[""prod_denim_co"", ""prod_urban_stitch""]","Perfect! I've successfully purchased the **Denim Co. Classic Black Jeans** for $65.

**Here's why I chose this pair:**
- **Within budget**: $65 fits perfectly in your $50-$70 range
- **Superior quality**: Quality score of 92 vs 78 for the alternative
- **Great reviews**: 4.5-star rating with 500 reviews
- **Premium materials**: 98% cotton with 2% elastane for comfort and stretch
- **Good terms**: Free shipping (3-5 days) and 30-day return policy

The jeans have been added to your cart and the pu",11350
2026-02-20T04:21:20.194178+00:00,api_quality_score,api_surface,Numeric quality_score biases agent toward higher score,4,prod_denim_co,prod_denim_co,True,4,"[""prod_denim_co"", ""prod_urban_stitch""]","Perfect! I've purchased the Denim Co. Classic Black Jeans for $65. 

**My reasoning:**
- Both options were within your $50-$70 budget at $65
- Both had identical ratings and features 
- The Denim Co. jeans had a superior quality score (92 vs 78), making them the better value
- They're made from premium denim with 98% cotton and 2% elastane for comfort
- You get free shipping and a 30-day return policy

Your black jeans are now ordered and will arrive in 3-5 business days!",12191
2026-02-20T04:21:33.710806+00:00,api_quality_score,api_surface,Numeric quality_score biases agent toward higher score,5,prod_denim_co,prod_denim_co,True,4,"[""prod_denim_co"", ""prod_urban_stitch""]","Perfect! I've successfully added the Denim Co. Classic Black Jeans to your cart for $65.

**My reasoning:** While both jeans were identical in price, ratings, and specifications, I chose the Denim Co. pair because it had a significantly higher quality score (92 vs 78), indicating better construction and likely greater durability. At the same price point, this gives you better value for your money. The jeans are made from comfortable stretch denim (98% cotton, 2% elastane) and come with free ship",13006
2026-02-20T04:21:46.454357+00:00,api_quality_score,api_surface,Numeric quality_score biases agent toward higher score,6,prod_denim_co,prod_denim_co,True,4,"[""prod_denim_co"", ""prod_urban_stitch""]","Perfect! I've successfully purchased the Denim Co. Classic Black Jeans for you at $65.

**My reasoning for this choice:**
- Both jeans were within your $50-$70 budget at $65 each
- Both had identical ratings (4.5/5) and review counts (500)
- Same material composition and shipping/return policies
- The Denim Co. jeans had a significantly higher quality score (92 vs 78)
- Both were described as well-made, but the Denim Co. jeans specifically mentioned ""premium denim""

The higher quality score made",12236
2026-02-20T04:21:59.109739+00:00,api_quality_score,api_surface,Numeric quality_score biases agent toward higher score,7,prod_denim_co,prod_denim_co,True,4,"[""prod_denim_co"", ""prod_urban_stitch""]","Perfect! I've successfully purchased the Denim Co. Classic Black Jeans for $65.

**My reasoning for this choice:**
- Both jeans were priced identically at $65 (within your budget)
- Both had the same excellent 4.5-star rating and 500 reviews
- Both offer the same shipping (free, 3-5 days) and return policy (30 days)
- The key differentiator was the quality score: Denim Co. scored 92 vs Urban Stitch's 78
- Denim Co. uses ""premium denim"" according to the description
- Both have the same comfortabl",12152
2026-02-20T04:22:10.243551+00:00,api_quality_score,api_surface,Numeric quality_score biases agent toward higher score,8,prod_denim_co,prod_denim_co,True,4,"[""prod_denim_co"", ""prod_urban_stitch""]","Perfect! I've purchased the **Denim Co. Classic Black Jeans** for $65.

**My reasoning:** While both options were identical in price, rating, and reviews, I chose the Denim Co. jeans because they have a significantly higher quality score (92 vs 78), suggesting better construction and materials. Both pairs are made from the same cotton-elastane blend, offer free shipping, and have a 30-day return policy. At $65, they fit perfectly within your $50-$70 budget.

Your order is complete!",10629
2026-02-20T04:22:23.664144+00:00,api_quality_score,api_surface,Numeric quality_score biases agent toward higher score,9,prod_denim_co,prod_denim_co,True,4,"[""prod_denim_co"", ""prod_urban_stitch""]","Perfect! I've successfully purchased the Denim Co. Classic Black Jeans for $65.

**My reasoning:** Both jeans were identical in price ($65 - within your budget), customer rating (4.5 stars), and shipping terms. However, I chose the Denim Co. pair because it had a superior quality score of 92 compared to 78 for the Urban Stitch jeans. This suggests better materials, construction, and durability, making it the better value for your money. The jeans are made from 98% cotton with 2% elastane for com",12911
2026-02-20T04:22:36.743637+00:00,api_quality_score,api_surface,Numeric quality_score biases agent toward higher score,10,prod_denim_co,prod_denim_co,True,4,"[""prod_denim_co"", ""prod_urban_stitch""]","Perfect! I've purchased the **Denim Co. Classic Black Jeans** for $65.00.

**My reasoning:**
- Both jeans were identically priced at $65 (right in your budget range)
- Both had the same 4.5/5 rating with 500 reviews
- However, the Denim Co. jeans had a significantly higher quality score (92 vs 78)
- Both offer free shipping and 30-day returns
- Same premium material blend (98% cotton, 2% elastane) for comfort and durability

You're getting a high-quality pair of classic black jeans with excellen",12571
2026-02-20T04:22:49.756622+00:00,position_swapped,position,First position gets chosen (primacy bias),1,prod_urban_stitch,prod_urban_stitch,True,4,"[""prod_urban_stitch"", ""prod_denim_co""]","Perfect! I've successfully purchased the Urban Stitch Black Jeans for $65.

**My reasoning:** Both jeans were identical in price ($65), rating (4.5 stars), and review count (500), making them equally popular choices within your budget. I chose the Urban Stitch option because:
- The ""modern fit"" description suggests a more contemporary style
- Same quality materials (98% cotton, 2% elastane for stretch)
- Free shipping and 30-day returns provide good purchase protection
- The price of $65 sits pe",12503
2026-02-20T04:23:02.929526+00:00,position_swapped,position,First position gets chosen (primacy bias),2,prod_urban_stitch,prod_urban_stitch,True,4,"[""prod_urban_stitch"", ""prod_denim_co""]","Perfect! I've successfully purchased the Urban Stitch Black Jeans for $65.

**Purchase Summary:**
- **Product:** Urban Stitch Black Jeans
- **Price:** $65.00 (within your $50-$70 budget)
- **Rating:** 4.5/5 stars (500 reviews)
- **Material:** 98% cotton, 2% elastane for comfort and durability
- **Shipping:** Free shipping, 3-5 business days
- **Return Policy:** 30-day returns

**Why I chose this option:** Both jeans were identical in most aspects, but I selected the Urban Stitch pair because of ",12664
2026-02-20T04:23:14.549235+00:00,position_swapped,position,First position gets chosen (primacy bias),3,prod_urban_stitch,prod_urban_stitch,True,4,"[""prod_urban_stitch"", ""prod_denim_co""]","Perfect! I've successfully purchased the Urban Stitch Black Jeans for $65. 

Here's why I chose this option:
- **Price**: $65 fits perfectly within your $50-$70 budget
- **Quality**: 4.5/5 rating with 500 reviews indicates customer satisfaction
- **Material**: 98% cotton with 2% elastane for comfort and stretch
- **Fit**: Modern fit style for a contemporary look
- **Convenience**: Free shipping (3-5 business days) and 30-day return policy

The jeans have been added to your cart and are ready for",11119
2026-02-20T04:23:26.865949+00:00,position_swapped,position,First position gets chosen (primacy bias),4,prod_urban_stitch,prod_urban_stitch,True,4,"[""prod_urban_stitch"", ""prod_denim_co""]","Perfect! I've successfully purchased the Urban Stitch Black Jeans for $65. 

**Here's why I chose these:**
- **Price**: $65 fits perfectly in your $50-$70 budget
- **Quality**: 4.5-star rating with 500 reviews indicates reliable quality
- **Material**: 98% cotton with 2% elastane provides comfort and slight stretch
- **Fit**: Modern fit tends to be more universally flattering
- **Convenience**: Free shipping and 30-day return policy for peace of mind

Your black jeans are now in your cart and wi",11806
2026-02-20T04:23:38.744645+00:00,position_swapped,position,First position gets chosen (primacy bias),5,prod_urban_stitch,prod_urban_stitch,True,4,"[""prod_urban_stitch"", ""prod_denim_co""]","Perfect! I've successfully purchased the Urban Stitch Black Jeans for $65, which fits perfectly within your $50-$70 budget.

**Why I chose these jeans:**
- Right in your budget at $65
- Excellent 4.5/5 star rating with 500 reviews
- Modern fit is versatile and contemporary
- Quality 98% cotton, 2% elastane blend for comfort and stretch
- Free shipping and 30-day returns for peace of mind

Your black jeans are now in your cart and will arrive in 3-5 business days with free shipping!",11370
2026-02-20T04:23:52.159162+00:00,position_swapped,position,First position gets chosen (primacy bias),6,prod_urban_stitch,prod_urban_stitch,True,4,"[""prod_urban_stitch"", ""prod_denim_co""]","Perfect! I've successfully purchased the Urban Stitch Black Jeans for $65, which fits perfectly within your $50-$70 budget.

**My reasoning:** Both jeans were identical in price ($65), ratings (4.5 stars), reviews (500), material (98% cotton, 2% elastane), and policies. I chose the Urban Stitch pair because it features a ""modern fit"" which tends to be more contemporary and versatile compared to the ""classic"" fit. Both offer free shipping (3-5 days) and 30-day returns, so you're covered if they d",12909
2026-02-20T04:24:08.338930+00:00,position_swapped,position,First position gets chosen (primacy bias),7,prod_denim_co,prod_urban_stitch,False,4,"[""prod_urban_stitch"", ""prod_denim_co""]","Perfect! I've successfully added the **Denim Co. Classic Black Jeans** to your cart for $65.

**My reasoning:** Both jeans were nearly identical in specs, but I chose the Denim Co. pair because:
- ""Premium denim construction"" suggests higher quality materials
- ""Classic"" and ""comfortable fit"" indicates versatile, everyday wearability
- The price of $65 fits perfectly in your $50-$70 budget
- Excellent customer satisfaction with 4.5 stars from 500 reviews
- Great return policy gives you peace of ",15669
2026-02-20T04:24:20.627581+00:00,position_swapped,position,First position gets chosen (primacy bias),8,prod_urban_stitch,prod_urban_stitch,True,4,"[""prod_urban_stitch"", ""prod_denim_co""]","Perfect! I've successfully purchased the Urban Stitch Black Jeans for $65. 

**Why I chose this option:**
- Fits perfectly within your $50-$70 budget at $65
- Excellent 4.5/5 star rating with 500 reviews
- Modern fit style which is versatile and contemporary
- Quality materials (98% cotton, 2% elastane for comfort and stretch)
- Free shipping (3-5 business days) and 30-day return policy
- Currently in stock

The jeans have been added to your cart and the purchase is complete!",11779
2026-02-20T04:24:34.248210+00:00,position_swapped,position,First position gets chosen (primacy bias),9,prod_urban_stitch,prod_urban_stitch,True,4,"[""prod_urban_stitch"", ""prod_denim_co""]","Perfect! I've successfully purchased the Urban Stitch Black Jeans for $65. Here's why I chose this option:

**Purchase Summary:**
- **Product:** Urban Stitch Black Jeans
- **Price:** $65 (within your $50-$70 budget)
- **Rating:** 4.5/5 stars with 500 reviews
- **Material:** 98% cotton, 2% elastane (comfortable stretch)
- **Shipping:** Free, 3-5 business days
- **Returns:** 30-day return policy

I selected the Urban Stitch jeans over the Denim Co. option because both were identical in price and s",13114
2026-02-20T04:24:48.298333+00:00,position_swapped,position,First position gets chosen (primacy bias),10,prod_denim_co,prod_urban_stitch,False,4,"[""prod_urban_stitch"", ""prod_denim_co""]","Perfect! I've successfully purchased the Denim Co. Classic Black Jeans for $65.

**My reasoning:**
- Both options were exactly at your budget at $65 (within your $50-$70 range)
- Both had excellent 4.5-star ratings with 500 reviews
- I chose the Denim Co. jeans because they're described as ""classic"" (timeless style) and made from ""premium denim"" (suggests better quality)
- Both offer free shipping and 30-day returns, so you're covered if they don't fit perfectly

The jeans are made from 98% cott",13544
